0_1s03_A_S000001,-284.3,19.8,3.84
0_1s03_A_S000002,-297.2,13.1,3.96
0_1s03_A_S000003,-285.8,13.4,4.25
0_1s03_A_S000004,-304.0,11.7,3.87
0_1s03_A_S000005,-289.1,9.7,3.74
0_1s03_A_S000006,-300.3,16.3,3.27
0_1s03_A_S000007,-298.9,8.0,3.35
0_1s03_A_S000008,-294.1,13.7,4.22
0_1s03_A_S000009,-299.4,10.6,3.41
0_1s03_A_S000010,-295.2,12.8,4.21
0_1s03_A_S000011,-297.1,14.6,3.50
0_1s03_A_S000012,-305.5,12.2,3.50
0_1s03_A_S000013,-300.6,10.0,2.73
0_1s03_A_S000014,-294.7,12.4,3.38
0_1s03_A_S000015,-292.7,11.9,3.88
0_1s03_A_S000016,-300.7,12.8,3.36
0_1s03_A_S000017,-296.8,13.4,4.03
0_1s03_A_S000018,-297.3,12.2,3.57
0_1s03_A_S000019,-295.9,12.0,3.76
0_1s03_A_S000020,-293.0,14.0,4.44
1_1s03_A_S000001,-272.9,11.1,4.22
1_1s03_A_S000002,-281.7,14.2,4.19
1_1s03_A_S000003,-295.5,7.0,4.43
1_1s03_A_S000004,-298.2,18.5,3.25
1_1s03_A_S000005,-297.0,15.6,3.85
1_1s03_A_S000006,-296.3,13.0,3.48
1_1s03_A_S000007,-287.2,11.1,3.77
1_1s03_A_S000008,-281.0,13.6,4.54
1_1s03_A_S000009,-301.3,15.0,3.20
1_1s03_A_S000010,-284.7,17.9,3.98
1_1s03_A_S000011,-292.5,14.6,4.21
1_1s03_A_S000012,-295.5,13.4,4.01
1_1s03_A_S000013,-304.5,14.1,4.76
1_1s03_A_S000014,-296.8,11.4,3.59
1_1s03_A_S000015,-278.4,13.5,4.35
1_1s03_A_S000016,-292.5,10.9,3.51
1_1s03_A_S000017,-293.8,14.7,3.59
1_1s03_A_S000018,-295.1,9.0,5.36
1_1s03_A_S000019,-296.6,12.1,3.40
1_1s03_A_S000020,-293.2,18.5,4.10
2_1s03_A_S000001,-284.3,14.8,4.20
2_1s03_A_S000002,-292.4,17.6,3.21
2_1s03_A_S000003,-295.3,17.9,3.44
2_1s03_A_S000004,-304.8,13.2,3.54
2_1s03_A_S000005,-288.7,8.1,4.10
2_1s03_A_S000006,-292.5,10.8,3.08
2_1s03_A_S000007,-300.3,9.2,3.67
2_1s03_A_S000008,-283.4,10.7,3.62
2_1s03_A_S000009,-306.9,15.1,3.13
2_1s03_A_S000010,-299.0,11.4,3.49
2_1s03_A_S000011,-295.0,10.3,4.39
2_1s03_A_S000012,-295.7,15.3,3.72
2_1s03_A_S000013,-293.1,17.3,3.98
2_1s03_A_S000014,-298.3,14.2,2.94
2_1s03_A_S000015,-296.6,13.0,3.55
2_1s03_A_S000016,-294.5,11.2,3.23
2_1s03_A_S000017,-301.4,10.9,3.23
2_1s03_A_S000018,-296.9,15.6,4.45
2_1s03_A_S000019,-301.6,10.3,3.14
2_1s03_A_S000020,-267.9,13.3,4.58
3_1s03_A_S000001,-280.1,14.2,3.58
3_1s03_A_S000002,-288.1,10.3,4.20
3_1s03_A_S000003,-288.5,13.3,3.80
3_1s03_A_S000004,-300.5,11.3,3.97
3_1s03_A_S000005,-293.5,9.6,3.34
3_1s03_A_S000006,-300.2,6.4,3.51
3_1s03_A_S000007,-284.7,13.0,3.17
3_1s03_A_S000008,-290.1,9.8,4.29
3_1s03_A_S000009,-295.4,12.8,4.15
3_1s03_A_S000010,-298.9,15.9,3.59
3_1s03_A_S000011,-290.7,13.8,3.61
3_1s03_A_S000012,-301.9,14.7,3.46
3_1s03_A_S000013,-300.3,12.4,4.19
3_1s03_A_S000014,-299.8,10.2,3.19
3_1s03_A_S000015,-295.3,11.5,3.88
3_1s03_A_S000016,-293.5,14.0,4.03
3_1s03_A_S000017,-282.5,16.7,4.15
3_1s03_A_S000018,-290.9,7.0,5.85
3_1s03_A_S000019,-302.0,14.4,3.57
3_1s03_A_S000020,-302.5,11.5,3.11
4_1s03_A_S000001,-278.2,15.0,4.11
4_1s03_A_S000002,-286.3,14.2,3.65
4_1s03_A_S000003,-293.2,14.4,4.64
4_1s03_A_S000004,-296.1,13.8,2.71
4_1s03_A_S000005,-296.4,16.9,3.82
4_1s03_A_S000006,-295.2,9.5,3.32
4_1s03_A_S000007,-298.8,13.8,3.37
4_1s03_A_S000008,-296.0,15.0,4.31
4_1s03_A_S000009,-287.4,11.5,4.09
4_1s03_A_S000010,-293.9,18.7,3.18
4_1s03_A_S000011,-285.4,13.8,3.55
4_1s03_A_S000012,-294.9,13.2,4.01
4_1s03_A_S000013,-294.8,16.1,4.87
4_1s03_A_S000014,-287.6,15.4,3.35
4_1s03_A_S000015,-293.9,13.3,4.67
4_1s03_A_S000016,-292.2,9.1,3.53
4_1s03_A_S000017,-298.4,10.5,3.50
4_1s03_A_S000018,-291.3,17.4,2.94
4_1s03_A_S000019,-297.3,11.4,3.18
4_1s03_A_S000020,-295.3,13.0,3.91
5_1s03_A_S000001,-296.7,7.3,3.17
5_1s03_A_S000002,-289.4,17.8,3.86
5_1s03_A_S000003,-297.1,9.9,2.76
5_1s03_A_S000004,-301.3,11.9,3.51
5_1s03_A_S000005,-302.4,9.5,3.62
5_1s03_A_S000006,-290.0,11.8,3.45
5_1s03_A_S000007,-295.9,17.0,3.98
5_1s03_A_S000008,-296.1,10.3,3.64
5_1s03_A_S000009,-299.7,12.0,3.47
5_1s03_A_S000010,-289.0,12.9,3.26
5_1s03_A_S000011,-295.1,13.4,3.27
5_1s03_A_S000012,-303.6,12.2,3.41
5_1s03_A_S000013,-290.3,15.3,3.67
5_1s03_A_S000014,-299.9,13.8,3.18
5_1s03_A_S000015,-302.9,13.1,3.13
5_1s03_A_S000016,-295.5,13.6,2.79
5_1s03_A_S000017,-298.8,16.8,3.97
5_1s03_A_S000018,-296.0,9.4,2.64
5_1s03_A_S000019,-279.7,12.9,4.18
5_1s03_A_S000020,-298.4,8.7,3.99
6_1s03_A_S000001,-288.1,15.2,3.26
6_1s03_A_S000002,-302.7,14.3,2.80
6_1s03_A_S000003,-297.1,11.8,3.63
6_1s03_A_S000004,-297.0,18.7,4.90
6_1s03_A_S000005,-270.4,17.8,4.41
6_1s03_A_S000006,-296.2,13.1,4.40
6_1s03_A_S000007,-292.5,11.4,3.60
6_1s03_A_S000008,-293.8,14.6,4.00
6_1s03_A_S000009,-293.9,15.9,4.38
6_1s03_A_S000010,-291.9,11.5,4.01
6_1s03_A_S000011,-295.5,12.7,3.51
6_1s03_A_S000012,-297.2,9.3,3.13
6_1s03_A_S000013,-298.9,12.6,2.97
6_1s03_A_S000014,-292.6,14.9,3.35
6_1s03_A_S000015,-288.4,17.4,4.11
6_1s03_A_S000016,-297.1,11.4,4.38
6_1s03_A_S000017,-295.8,14.0,3.14
6_1s03_A_S000018,-281.6,10.7,4.26
6_1s03_A_S000019,-299.3,13.2,3.69
6_1s03_A_S000020,-299.7,11.4,4.56
7_1s03_A_S000001,-271.1,11.0,3.83
7_1s03_A_S000002,-279.0,12.6,4.43
7_1s03_A_S000003,-281.2,9.8,3.67
7_1s03_A_S000004,-283.5,18.0,4.07
7_1s03_A_S000005,-295.3,12.4,3.35
7_1s03_A_S000006,-295.9,13.1,3.08
7_1s03_A_S000007,-280.9,9.4,4.23
7_1s03_A_S000008,-294.3,9.3,4.00
7_1s03_A_S000009,-294.5,13.4,4.09
7_1s03_A_S000010,-292.7,16.2,4.07
7_1s03_A_S000011,-296.6,11.5,3.55
7_1s03_A_S000012,-291.5,16.5,3.41
7_1s03_A_S000013,-293.9,9.8,3.12
7_1s03_A_S000014,-295.6,11.9,2.87
7_1s03_A_S000015,-295.1,10.7,3.93
7_1s03_A_S000016,-294.4,9.8,3.61
7_1s03_A_S000017,-296.6,11.8,3.33
7_1s03_A_S000018,-296.6,13.6,4.09
7_1s03_A_S000019,-301.0,11.8,3.56
7_1s03_A_S000020,-294.0,11.1,3.20
8_1s03_A_S000001,-274.2,13.2,4.38
8_1s03_A_S000002,-286.4,14.0,3.71
8_1s03_A_S000003,-284.6,19.0,4.11
8_1s03_A_S000004,-297.8,12.4,3.78
8_1s03_A_S000005,-302.9,11.4,3.12
8_1s03_A_S000006,-287.7,11.6,4.35
8_1s03_A_S000007,-292.7,9.4,3.49
8_1s03_A_S000008,-296.5,8.0,3.53
8_1s03_A_S000009,-292.9,15.3,2.41
8_1s03_A_S000010,-301.7,13.1,3.75
8_1s03_A_S000011,-296.6,16.0,3.78
8_1s03_A_S000012,-293.6,15.5,3.12
8_1s03_A_S000013,-295.2,14.6,3.55
8_1s03_A_S000014,-293.9,10.1,3.89
8_1s03_A_S000015,-302.6,10.9,3.95
8_1s03_A_S000016,-294.2,9.6,3.68
8_1s03_A_S000017,-291.2,12.9,3.78
8_1s03_A_S000018,-295.9,13.0,3.29
8_1s03_A_S000019,-300.1,16.2,4.24
8_1s03_A_S000020,-299.6,17.7,3.27
9_1s03_A_S000001,-279.7,15.1,5.02
9_1s03_A_S000002,-284.7,10.8,4.07
9_1s03_A_S000003,-294.5,8.3,4.05
9_1s03_A_S000004,-295.6,17.8,3.97
9_1s03_A_S000005,-301.9,12.3,3.14
9_1s03_A_S000006,-293.6,15.6,3.10
9_1s03_A_S000007,-294.1,13.3,3.31
9_1s03_A_S000008,-299.0,13.4,3.89
9_1s03_A_S000009,-293.7,12.6,3.63
9_1s03_A_S000010,-301.5,9.4,4.44
9_1s03_A_S000011,-296.7,11.4,3.90
9_1s03_A_S000012,-301.3,14.2,3.51
9_1s03_A_S000013,-297.6,12.6,4.15
9_1s03_A_S000014,-297.8,15.5,3.25
9_1s03_A_S000015,-295.8,14.4,3.05
9_1s03_A_S000016,-294.9,9.2,3.56
9_1s03_A_S000017,-293.9,12.5,3.15
9_1s03_A_S000018,-295.8,13.5,3.27
9_1s03_A_S000019,-295.8,13.8,3.36
9_1s03_A_S000020,-297.4,13.3,4.27
