0_2qus_A_S000001,-330.0,65.0,8.34
0_2qus_A_S000002,-232.9,94.3,16.39
0_2qus_A_S000003,-325.1,57.5,15.89
0_2qus_A_S000004,-318.7,53.6,10.14
0_2qus_A_S000005,-274.9,84.1,6.98
0_2qus_A_S000006,-308.3,74.6,17.09
0_2qus_A_S000007,-300.8,65.4,13.95
0_2qus_A_S000008,-310.2,105.1,15.72
0_2qus_A_S000009,-145.7,195.0,15.45
0_2qus_A_S000010,-297.5,115.0,10.81
0_2qus_A_S000011,-302.2,77.0,16.13
0_2qus_A_S000012,-104.0,149.9,15.67
0_2qus_A_S000013,-205.8,175.4,16.06
0_2qus_A_S000014,-246.5,111.0,15.65
0_2qus_A_S000015,-290.8,73.0,15.58
0_2qus_A_S000016,-250.6,94.9,13.56
0_2qus_A_S000017,-292.9,55.7,13.80
0_2qus_A_S000018,-301.3,56.6,13.41
0_2qus_A_S000019,-299.6,76.3,8.48
0_2qus_A_S000020,-293.8,73.4,13.44
1_2qus_A_S000001,-253.2,100.4,10.81
1_2qus_A_S000002,-281.8,83.0,12.46
1_2qus_A_S000003,-301.7,65.5,7.46
1_2qus_A_S000004,-319.7,65.5,8.17
1_2qus_A_S000005,-297.5,73.2,9.48
1_2qus_A_S000006,-286.1,110.6,18.92
1_2qus_A_S000007,-295.2,72.4,9.92
1_2qus_A_S000008,-292.0,101.0,13.02
1_2qus_A_S000009,-303.2,68.7,8.08
1_2qus_A_S000010,-300.0,86.2,10.72
1_2qus_A_S000011,-323.7,59.2,14.91
1_2qus_A_S000012,-313.7,80.8,17.04
1_2qus_A_S000013,-265.4,115.0,14.89
1_2qus_A_S000014,-309.5,100.3,12.09
1_2qus_A_S000015,-324.6,53.3,16.81
1_2qus_A_S000016,-325.2,72.7,6.82
1_2qus_A_S000017,-312.2,70.2,9.93
1_2qus_A_S000018,-295.1,57.0,15.23
1_2qus_A_S000019,-333.5,62.5,7.86
1_2qus_A_S000020,-281.0,80.4,17.56
2_2qus_A_S000001,-261.5,77.7,15.32
2_2qus_A_S000002,-287.3,104.4,16.85
2_2qus_A_S000003,-320.5,62.5,12.08
2_2qus_A_S000004,-307.2,74.0,17.54
2_2qus_A_S000005,-317.1,67.8,10.25
2_2qus_A_S000006,-308.7,57.2,14.30
2_2qus_A_S000007,-286.3,107.8,18.64
2_2qus_A_S000008,-320.6,60.5,10.32
2_2qus_A_S000009,-308.0,50.3,13.99
2_2qus_A_S000010,-307.1,31.3,11.55
2_2qus_A_S000011,-324.8,59.6,7.89
2_2qus_A_S000012,-264.7,87.1,18.41
2_2qus_A_S000013,-292.9,79.2,10.24
2_2qus_A_S000014,-299.0,74.4,14.84
2_2qus_A_S000015,-288.4,76.2,16.79
2_2qus_A_S000016,-287.3,101.4,14.24
2_2qus_A_S000017,-296.8,65.3,14.49
2_2qus_A_S000018,-297.7,94.3,16.29
2_2qus_A_S000019,-326.1,56.2,6.73
2_2qus_A_S000020,-290.9,111.1,14.36
3_2qus_A_S000001,-270.9,101.9,17.08
3_2qus_A_S000002,-306.0,73.6,11.99
3_2qus_A_S000003,-273.7,95.4,15.39
3_2qus_A_S000004,-325.3,74.8,10.99
3_2qus_A_S000005,-324.1,78.5,13.79
3_2qus_A_S000006,-320.8,62.5,8.80
3_2qus_A_S000007,-317.1,53.1,9.96
3_2qus_A_S000008,-166.5,194.1,17.50
3_2qus_A_S000009,-306.1,90.5,12.68
3_2qus_A_S000010,-270.5,81.8,17.06
3_2qus_A_S000011,-314.2,81.0,10.92
3_2qus_A_S000012,-331.1,86.9,7.89
3_2qus_A_S000013,-278.6,85.3,11.54
3_2qus_A_S000014,-319.5,71.0,13.95
3_2qus_A_S000015,-198.4,166.8,19.11
3_2qus_A_S000016,-209.2,149.3,17.41
3_2qus_A_S000017,-308.0,63.0,9.93
3_2qus_A_S000018,-301.6,71.4,16.80
3_2qus_A_S000019,-307.9,75.5,8.51
3_2qus_A_S000020,-238.6,136.8,15.49
4_2qus_A_S000001,-300.7,80.3,16.33
4_2qus_A_S000002,-307.6,71.8,16.19
4_2qus_A_S000003,-308.1,76.7,8.45
4_2qus_A_S000004,-221.7,145.8,13.42
4_2qus_A_S000005,-268.8,107.4,11.34
4_2qus_A_S000006,-306.6,74.2,8.98
4_2qus_A_S000007,-337.1,68.0,17.94
4_2qus_A_S000008,-192.3,182.8,16.69
4_2qus_A_S000009,-321.5,60.3,6.67
4_2qus_A_S000010,-304.7,89.0,15.19
4_2qus_A_S000011,-323.1,88.9,12.52
4_2qus_A_S000012,-214.7,131.6,16.67
4_2qus_A_S000013,-309.3,73.8,18.37
4_2qus_A_S000014,-180.5,155.6,22.64
4_2qus_A_S000015,-315.0,65.2,17.60
4_2qus_A_S000016,-310.0,66.3,8.19
4_2qus_A_S000017,-271.7,85.4,16.25
4_2qus_A_S000018,-311.5,79.1,12.49
4_2qus_A_S000019,-306.4,56.8,7.91
4_2qus_A_S000020,-306.6,79.6,10.74
5_2qus_A_S000001,-289.3,88.7,13.43
5_2qus_A_S000002,-308.8,73.0,17.38
5_2qus_A_S000003,-318.3,87.4,13.96
5_2qus_A_S000004,-258.9,110.2,17.01
5_2qus_A_S000005,-324.6,69.6,13.87
5_2qus_A_S000006,-251.3,156.3,15.21
5_2qus_A_S000007,-290.7,98.3,16.85
5_2qus_A_S000008,-290.4,87.7,7.35
5_2qus_A_S000009,-286.0,88.1,10.53
5_2qus_A_S000010,-289.2,78.0,14.83
5_2qus_A_S000011,-312.3,67.3,13.64
5_2qus_A_S000012,-290.3,76.2,7.56
5_2qus_A_S000013,-308.6,73.6,8.48
5_2qus_A_S000014,-286.3,103.4,17.77
5_2qus_A_S000015,-318.7,67.9,14.91
5_2qus_A_S000016,-288.7,92.9,7.00
5_2qus_A_S000017,-306.1,98.4,15.30
5_2qus_A_S000018,-321.1,57.0,12.84
5_2qus_A_S000019,-303.5,58.9,8.25
5_2qus_A_S000020,-291.4,94.3,12.97
6_2qus_A_S000001,-271.0,110.1,15.16
6_2qus_A_S000002,-271.4,81.1,15.27
6_2qus_A_S000003,-274.1,80.9,16.54
6_2qus_A_S000004,-296.6,71.2,9.67
6_2qus_A_S000005,-287.3,83.5,16.97
6_2qus_A_S000006,-301.3,66.1,9.01
6_2qus_A_S000007,-289.1,93.1,17.02
6_2qus_A_S000008,-287.8,84.7,14.40
6_2qus_A_S000009,-294.1,74.6,10.79
6_2qus_A_S000010,-300.3,89.5,19.51
6_2qus_A_S000011,-303.1,81.5,14.28
6_2qus_A_S000012,-296.3,82.1,11.52
6_2qus_A_S000013,-277.7,125.1,18.25
6_2qus_A_S000014,-290.0,90.5,7.08
6_2qus_A_S000015,-323.9,57.0,8.05
6_2qus_A_S000016,-310.7,58.3,15.63
6_2qus_A_S000017,-314.7,69.6,7.94
6_2qus_A_S000018,-306.0,80.2,15.88
6_2qus_A_S000019,-326.8,93.8,9.79
6_2qus_A_S000020,-289.9,83.3,17.94
7_2qus_A_S000001,-279.5,90.2,19.10
7_2qus_A_S000002,-281.2,76.3,15.32
7_2qus_A_S000003,-281.0,79.6,12.93
7_2qus_A_S000004,-289.0,94.9,17.39
7_2qus_A_S000005,-285.2,98.5,18.84
7_2qus_A_S000006,-283.0,96.8,11.25
7_2qus_A_S000007,-313.4,72.6,16.91
7_2qus_A_S000008,-281.0,95.2,19.04
7_2qus_A_S000009,-291.6,81.2,11.08
7_2qus_A_S000010,-310.2,75.7,16.16
7_2qus_A_S000011,-320.9,76.3,9.55
7_2qus_A_S000012,-215.2,141.7,16.19
7_2qus_A_S000013,-302.3,73.7,7.99
7_2qus_A_S000014,-298.9,98.1,13.54
7_2qus_A_S000015,-287.8,86.3,11.54
7_2qus_A_S000016,-310.8,69.0,11.90
7_2qus_A_S000017,-294.0,73.4,13.74
7_2qus_A_S000018,-306.2,87.1,14.26
7_2qus_A_S000019,-309.4,88.8,15.88
7_2qus_A_S000020,-294.2,62.7,15.20
8_2qus_A_S000001,-202.9,168.3,17.01
8_2qus_A_S000002,-288.1,87.7,14.01
8_2qus_A_S000003,-265.4,115.3,18.77
8_2qus_A_S000004,-284.4,92.6,13.92
8_2qus_A_S000005,-321.2,66.3,14.58
8_2qus_A_S000006,-339.7,67.2,7.21
8_2qus_A_S000007,-185.1,154.3,19.99
8_2qus_A_S000008,-302.1,88.5,12.43
8_2qus_A_S000009,-265.1,106.0,14.84
8_2qus_A_S000010,-290.0,69.2,15.59
8_2qus_A_S000011,-303.4,77.6,15.57
8_2qus_A_S000012,-286.2,103.2,15.41
8_2qus_A_S000013,-252.3,110.8,12.34
8_2qus_A_S000014,-302.7,55.6,10.05
8_2qus_A_S000015,-304.1,65.1,18.20
8_2qus_A_S000016,-289.2,92.4,16.38
8_2qus_A_S000017,-295.3,86.2,7.38
8_2qus_A_S000018,-291.8,90.9,15.52
8_2qus_A_S000019,-199.9,141.1,17.01
8_2qus_A_S000020,-255.4,85.2,17.72
9_2qus_A_S000001,-197.2,168.5,14.98
9_2qus_A_S000002,-296.2,88.8,7.16
9_2qus_A_S000003,-328.6,62.5,9.11
9_2qus_A_S000004,-234.1,164.0,18.16
9_2qus_A_S000005,-307.2,58.3,13.89
9_2qus_A_S000006,-298.6,84.8,9.24
9_2qus_A_S000007,-289.2,56.4,16.11
9_2qus_A_S000008,-292.9,73.5,15.47
9_2qus_A_S000009,-290.6,92.1,18.09
9_2qus_A_S000010,-164.3,135.1,16.15
9_2qus_A_S000011,-322.3,63.6,8.19
9_2qus_A_S000012,-294.2,72.6,14.51
9_2qus_A_S000013,-313.2,52.4,13.70
9_2qus_A_S000014,-317.1,66.7,9.28
9_2qus_A_S000015,-288.5,58.2,14.28
9_2qus_A_S000016,-293.1,76.1,16.92
9_2qus_A_S000017,-290.3,67.8,9.50
9_2qus_A_S000018,-303.7,56.6,12.16
9_2qus_A_S000019,-310.4,66.6,13.54
9_2qus_A_S000020,-298.4,61.1,9.55
