0_3diq_A_S000001,-20.8,850.4,26.02
0_3diq_A_S000002,-291.2,556.4,16.70
0_3diq_A_S000003,-447.4,447.4,31.14
0_3diq_A_S000004,-250.2,652.2,28.46
0_3diq_A_S000005,-183.0,518.5,29.91
0_3diq_A_S000006,-249.4,628.9,25.59
0_3diq_A_S000007,99.5,741.7,26.08
0_3diq_A_S000008,312.3,1048.8,34.86
0_3diq_A_S000009,247.5,1021.9,30.59
0_3diq_A_S000010,-250.2,593.3,17.26
0_3diq_A_S000011,-280.1,578.9,22.94
0_3diq_A_S000012,173.5,762.3,29.92
0_3diq_A_S000013,246.8,994.1,34.64
0_3diq_A_S000014,-186.0,731.0,28.07
0_3diq_A_S000015,-155.7,547.2,28.06
0_3diq_A_S000016,404.9,1088.3,29.79
0_3diq_A_S000017,366.7,1146.2,27.11
0_3diq_A_S000018,-4.2,740.0,28.51
0_3diq_A_S000019,294.4,907.8,34.18
0_3diq_A_S000020,-453.0,365.4,27.32
1_3diq_A_S000001,104.3,1021.8,29.37
1_3diq_A_S000002,-15.3,819.8,31.83
1_3diq_A_S000003,-293.0,524.1,28.19
1_3diq_A_S000004,-98.8,841.3,32.13
1_3diq_A_S000005,-220.9,699.3,26.26
1_3diq_A_S000006,-342.1,513.3,26.50
1_3diq_A_S000007,144.8,855.1,30.92
1_3diq_A_S000008,261.6,1032.9,33.73
1_3diq_A_S000009,-440.1,417.1,19.14
1_3diq_A_S000010,-209.6,623.5,27.72
1_3diq_A_S000011,330.5,1064.4,39.14
1_3diq_A_S000012,-430.8,422.6,19.72
1_3diq_A_S000013,80.5,1044.9,34.74
1_3diq_A_S000014,-282.8,512.5,26.40
1_3diq_A_S000015,-168.1,428.1,23.15
1_3diq_A_S000016,289.0,957.3,25.73
1_3diq_A_S000017,240.5,938.8,30.97
1_3diq_A_S000018,-338.6,432.8,26.10
1_3diq_A_S000019,-391.6,481.1,28.21
1_3diq_A_S000020,-42.7,667.2,17.62
2_3diq_A_S000001,-119.1,767.9,33.73
2_3diq_A_S000002,-398.0,495.3,23.61
2_3diq_A_S000003,-120.8,786.4,28.47
2_3diq_A_S000004,-457.0,328.1,26.61
2_3diq_A_S000005,13.6,912.8,29.24
2_3diq_A_S000006,44.5,660.1,16.37
2_3diq_A_S000007,-270.1,602.8,24.84
2_3diq_A_S000008,-60.1,718.3,30.79
2_3diq_A_S000009,-198.1,653.4,25.81
2_3diq_A_S000010,-445.8,452.4,22.89
2_3diq_A_S000011,-184.4,519.9,29.13
2_3diq_A_S000012,-23.5,872.8,27.10
2_3diq_A_S000013,-234.3,527.0,20.95
2_3diq_A_S000014,164.6,701.0,34.36
2_3diq_A_S000015,-139.5,703.9,24.14
2_3diq_A_S000016,-210.5,661.2,21.38
2_3diq_A_S000017,-53.2,870.4,35.29
2_3diq_A_S000018,154.9,1059.6,35.54
2_3diq_A_S000019,154.0,807.0,24.08
2_3diq_A_S000020,-215.1,620.3,18.86
3_3diq_A_S000001,-283.1,588.2,23.41
3_3diq_A_S000002,128.8,758.0,30.18
3_3diq_A_S000003,-99.2,765.0,26.21
3_3diq_A_S000004,53.5,1025.3,32.15
3_3diq_A_S000005,-249.0,700.0,36.78
3_3diq_A_S000006,-312.4,528.1,18.15
3_3diq_A_S000007,-352.3,541.5,26.63
3_3diq_A_S000008,-285.3,516.5,26.90
3_3diq_A_S000009,-257.4,587.4,23.23
3_3diq_A_S000010,-305.3,524.3,25.88
3_3diq_A_S000011,-451.3,355.1,21.88
3_3diq_A_S000012,156.3,879.8,29.15
3_3diq_A_S000013,-361.5,459.1,23.74
3_3diq_A_S000014,8.4,670.8,23.29
3_3diq_A_S000015,-43.6,863.6,24.90
3_3diq_A_S000016,314.9,1100.9,28.98
3_3diq_A_S000017,-296.5,571.0,25.31
3_3diq_A_S000018,-366.0,436.5,28.46
3_3diq_A_S000019,220.8,939.0,31.19
3_3diq_A_S000020,-283.2,579.8,28.32
4_3diq_A_S000001,-119.7,816.5,28.67
4_3diq_A_S000002,-234.7,655.1,25.04
4_3diq_A_S000003,-266.3,576.2,25.57
4_3diq_A_S000004,-383.1,428.5,20.33
4_3diq_A_S000005,137.4,928.9,27.26
4_3diq_A_S000006,511.4,1166.2,38.36
4_3diq_A_S000007,-289.0,402.3,29.08
4_3diq_A_S000008,-374.3,404.9,19.19
4_3diq_A_S000009,-427.9,380.0,14.50
4_3diq_A_S000010,-188.9,695.9,31.67
4_3diq_A_S000011,239.7,999.3,35.41
4_3diq_A_S000012,-302.0,606.8,24.48
4_3diq_A_S000013,-391.6,443.2,24.08
4_3diq_A_S000014,-267.5,632.6,17.91
4_3diq_A_S000015,24.3,921.0,35.19
4_3diq_A_S000016,123.3,1075.4,26.39
4_3diq_A_S000017,-277.3,523.9,21.23
4_3diq_A_S000018,352.4,974.8,35.68
4_3diq_A_S000019,147.9,665.3,32.91
4_3diq_A_S000020,43.9,885.1,31.35
5_3diq_A_S000001,-264.3,545.4,25.33
5_3diq_A_S000002,208.3,868.3,32.26
5_3diq_A_S000003,-325.8,522.3,26.24
5_3diq_A_S000004,-182.1,679.6,24.71
5_3diq_A_S000005,48.4,919.1,30.00
5_3diq_A_S000006,-252.0,622.0,19.78
5_3diq_A_S000007,-199.8,640.7,27.02
5_3diq_A_S000008,-89.0,555.1,21.51
5_3diq_A_S000009,-284.6,540.5,30.09
5_3diq_A_S000010,-231.9,617.1,33.48
5_3diq_A_S000011,-58.5,841.1,25.68
5_3diq_A_S000012,-320.5,599.0,20.50
5_3diq_A_S000013,151.6,900.5,32.21
5_3diq_A_S000014,-109.5,772.5,25.29
5_3diq_A_S000015,-382.4,436.2,28.08
5_3diq_A_S000016,-341.0,492.5,22.48
5_3diq_A_S000017,175.2,889.5,30.22
5_3diq_A_S000018,438.2,1158.2,26.01
5_3diq_A_S000019,-194.9,658.0,26.72
5_3diq_A_S000020,-222.1,594.8,23.70
6_3diq_A_S000001,-173.3,665.5,26.98
6_3diq_A_S000002,188.9,935.4,34.24
6_3diq_A_S000003,279.7,901.7,24.43
6_3diq_A_S000004,-258.4,549.3,23.35
6_3diq_A_S000005,-87.0,845.5,32.92
6_3diq_A_S000006,342.2,1027.9,31.67
6_3diq_A_S000007,367.6,1044.9,37.96
6_3diq_A_S000008,-252.4,618.7,26.23
6_3diq_A_S000009,-146.9,775.9,31.39
6_3diq_A_S000010,-66.3,712.0,33.73
6_3diq_A_S000011,-183.6,691.1,26.44
6_3diq_A_S000012,-158.9,543.7,19.83
6_3diq_A_S000013,-261.0,660.2,26.76
6_3diq_A_S000014,236.1,890.8,34.14
6_3diq_A_S000015,-260.1,493.5,19.28
6_3diq_A_S000016,-259.0,655.6,28.34
6_3diq_A_S000017,-338.5,546.4,18.95
6_3diq_A_S000018,-217.9,587.5,30.12
6_3diq_A_S000019,-236.3,647.0,31.20
6_3diq_A_S000020,-20.3,867.7,35.04
7_3diq_A_S000001,-227.1,635.9,28.94
7_3diq_A_S000002,-271.1,576.9,24.45
7_3diq_A_S000003,-129.6,719.6,24.17
7_3diq_A_S000004,-311.7,491.8,23.39
7_3diq_A_S000005,-269.3,532.6,25.27
7_3diq_A_S000006,212.2,961.5,32.22
7_3diq_A_S000007,-32.3,767.2,18.39
7_3diq_A_S000008,-126.2,721.1,23.12
7_3diq_A_S000009,-251.3,562.9,22.43
7_3diq_A_S000010,-234.8,618.7,22.26
7_3diq_A_S000011,-12.4,588.2,24.15
7_3diq_A_S000012,52.1,851.5,26.97
7_3diq_A_S000013,-397.5,401.8,18.63
7_3diq_A_S000014,-168.8,704.0,29.08
7_3diq_A_S000015,-246.5,605.1,22.57
7_3diq_A_S000016,-282.3,542.4,29.11
7_3diq_A_S000017,-354.8,467.1,35.12
7_3diq_A_S000018,-80.9,778.4,26.36
7_3diq_A_S000019,-42.1,664.3,22.78
7_3diq_A_S000020,-367.4,507.7,22.39
8_3diq_A_S000001,31.1,919.7,32.58
8_3diq_A_S000002,11.0,869.9,29.98
8_3diq_A_S000003,-136.0,804.0,32.54
8_3diq_A_S000004,1.2,912.3,32.25
8_3diq_A_S000005,-403.3,410.7,21.67
8_3diq_A_S000006,184.7,909.2,32.28
8_3diq_A_S000007,-122.0,738.0,23.96
8_3diq_A_S000008,-19.6,887.7,35.43
8_3diq_A_S000009,-243.5,577.7,25.26
8_3diq_A_S000010,-210.1,680.8,23.03
8_3diq_A_S000011,505.4,955.3,29.42
8_3diq_A_S000012,-242.0,652.4,21.86
8_3diq_A_S000013,-200.0,707.4,30.38
8_3diq_A_S000014,-364.5,506.7,24.62
8_3diq_A_S000015,-451.3,363.5,24.99
8_3diq_A_S000016,-242.6,604.6,29.72
8_3diq_A_S000017,-191.5,597.3,16.97
8_3diq_A_S000018,-314.6,563.9,24.98
8_3diq_A_S000019,177.4,772.7,27.51
8_3diq_A_S000020,-222.5,610.3,22.03
9_3diq_A_S000001,-230.0,630.0,21.93
9_3diq_A_S000002,-277.8,603.7,21.87
9_3diq_A_S000003,-331.2,510.2,17.21
9_3diq_A_S000004,-203.9,646.5,22.21
9_3diq_A_S000005,-328.8,520.4,17.06
9_3diq_A_S000006,85.1,853.5,30.20
9_3diq_A_S000007,-189.8,570.1,23.86
9_3diq_A_S000008,-448.1,460.3,30.68
9_3diq_A_S000009,-366.5,468.8,17.06
9_3diq_A_S000010,-258.1,595.1,25.42
9_3diq_A_S000011,-355.1,446.8,30.88
9_3diq_A_S000012,290.8,1040.2,28.14
9_3diq_A_S000013,193.1,972.2,33.42
9_3diq_A_S000014,24.1,707.8,16.32
9_3diq_A_S000015,261.7,891.8,28.70
9_3diq_A_S000016,-299.1,567.0,25.92
9_3diq_A_S000017,-516.4,364.2,18.63
9_3diq_A_S000018,53.1,643.3,20.06
9_3diq_A_S000019,188.3,804.8,24.53
9_3diq_A_S000020,-308.2,550.0,16.87
