0_3r4f_A_S000001,-208.3,86.7,16.23
0_3r4f_A_S000002,-216.8,129.8,13.50
0_3r4f_A_S000003,-279.4,79.3,15.98
0_3r4f_A_S000004,-240.6,120.1,17.10
0_3r4f_A_S000005,-293.5,72.7,16.90
0_3r4f_A_S000006,-279.7,69.4,16.72
0_3r4f_A_S000007,-284.0,69.0,16.03
0_3r4f_A_S000008,-319.8,28.2,16.66
0_3r4f_A_S000009,-98.0,102.5,13.04
0_3r4f_A_S000010,-269.1,66.6,14.19
0_3r4f_A_S000011,-266.6,89.9,16.01
0_3r4f_A_S000012,-267.7,75.1,16.22
0_3r4f_A_S000013,-156.2,210.2,9.90
0_3r4f_A_S000014,-268.9,55.8,13.72
0_3r4f_A_S000015,-230.1,119.9,17.64
0_3r4f_A_S000016,-309.5,27.6,18.39
0_3r4f_A_S000017,-156.7,71.5,16.16
0_3r4f_A_S000018,-301.0,85.2,16.21
0_3r4f_A_S000019,-265.3,89.6,11.71
0_3r4f_A_S000020,-103.0,127.6,12.92
1_3r4f_A_S000001,-170.5,193.9,15.20
1_3r4f_A_S000002,-282.2,95.8,12.92
1_3r4f_A_S000003,-247.2,86.2,12.58
1_3r4f_A_S000004,-264.1,96.3,14.52
1_3r4f_A_S000005,-103.9,123.4,17.20
1_3r4f_A_S000006,-282.7,79.6,13.47
1_3r4f_A_S000007,-266.5,71.9,17.35
1_3r4f_A_S000008,-290.6,94.4,16.06
1_3r4f_A_S000009,-104.2,151.4,11.62
1_3r4f_A_S000010,-282.4,63.1,16.70
1_3r4f_A_S000011,-283.1,68.2,13.91
1_3r4f_A_S000012,-285.5,70.1,14.07
1_3r4f_A_S000013,-274.7,115.7,15.41
1_3r4f_A_S000014,-279.2,71.8,15.00
1_3r4f_A_S000015,-139.9,207.4,10.60
1_3r4f_A_S000016,-290.6,67.2,18.42
1_3r4f_A_S000017,-55.8,173.0,14.03
1_3r4f_A_S000018,-265.2,95.3,15.56
1_3r4f_A_S000019,-281.4,62.9,14.64
1_3r4f_A_S000020,-278.8,71.9,14.39
2_3r4f_A_S000001,-159.5,184.5,13.80
2_3r4f_A_S000002,-199.2,165.3,15.91
2_3r4f_A_S000003,-252.6,86.9,11.96
2_3r4f_A_S000004,-242.6,103.3,9.91
2_3r4f_A_S000005,-300.5,43.6,18.75
2_3r4f_A_S000006,-260.7,110.7,14.57
2_3r4f_A_S000007,-256.0,97.7,13.15
2_3r4f_A_S000008,-277.8,75.9,12.02
2_3r4f_A_S000009,-276.6,69.5,12.15
2_3r4f_A_S000010,-49.4,200.6,16.41
2_3r4f_A_S000011,-263.0,74.3,15.06
2_3r4f_A_S000012,-283.6,75.9,16.72
2_3r4f_A_S000013,-281.2,89.8,17.88
2_3r4f_A_S000014,-212.2,95.4,13.63
2_3r4f_A_S000015,-268.6,37.7,18.03
2_3r4f_A_S000016,-18.3,217.5,12.87
2_3r4f_A_S000017,-196.9,175.5,14.46
2_3r4f_A_S000018,-305.1,51.8,15.38
2_3r4f_A_S000019,-292.2,80.7,17.28
2_3r4f_A_S000020,-297.6,49.7,11.55
3_3r4f_A_S000001,-194.0,172.8,12.72
3_3r4f_A_S000002,-259.9,78.3,17.29
3_3r4f_A_S000003,-263.4,107.4,17.70
3_3r4f_A_S000004,-270.2,83.5,16.27
3_3r4f_A_S000005,-286.8,69.7,16.02
3_3r4f_A_S000006,-265.3,67.5,12.24
3_3r4f_A_S000007,-268.3,94.1,17.69
3_3r4f_A_S000008,-300.8,52.7,16.10
3_3r4f_A_S000009,-276.6,96.8,14.59
3_3r4f_A_S000010,-227.4,97.8,16.59
3_3r4f_A_S000011,-265.0,63.2,17.11
3_3r4f_A_S000012,-268.5,61.1,15.26
3_3r4f_A_S000013,-208.5,103.6,14.84
3_3r4f_A_S000014,-303.0,51.4,15.88
3_3r4f_A_S000015,-267.9,68.0,17.34
3_3r4f_A_S000016,-299.6,47.9,17.18
3_3r4f_A_S000017,-288.1,71.4,19.32
3_3r4f_A_S000018,2.1,208.8,16.20
3_3r4f_A_S000019,-277.9,38.4,16.40
3_3r4f_A_S000020,-274.9,82.7,18.46
4_3r4f_A_S000001,-309.3,40.4,15.58
4_3r4f_A_S000002,-185.0,144.0,12.33
4_3r4f_A_S000003,-303.1,65.5,18.41
4_3r4f_A_S000004,-259.6,83.6,16.47
4_3r4f_A_S000005,-188.2,146.3,18.67
4_3r4f_A_S000006,-280.3,69.7,13.91
4_3r4f_A_S000007,-256.3,95.1,15.21
4_3r4f_A_S000008,-273.9,84.7,16.13
4_3r4f_A_S000009,-292.2,77.3,15.55
4_3r4f_A_S000010,-311.4,37.5,17.62
4_3r4f_A_S000011,-88.8,163.8,17.64
4_3r4f_A_S000012,-272.1,75.4,15.41
4_3r4f_A_S000013,-275.0,103.6,18.19
4_3r4f_A_S000014,-271.7,79.3,12.29
4_3r4f_A_S000015,-272.3,50.4,16.97
4_3r4f_A_S000016,-148.4,90.2,15.44
4_3r4f_A_S000017,-290.0,43.0,18.30
4_3r4f_A_S000018,-31.1,200.9,14.08
4_3r4f_A_S000019,-276.3,98.1,18.34
4_3r4f_A_S000020,-192.0,167.1,11.94
5_3r4f_A_S000001,-197.6,158.1,9.66
5_3r4f_A_S000002,-223.9,128.2,16.04
5_3r4f_A_S000003,-260.7,79.3,16.33
5_3r4f_A_S000004,-238.4,101.4,15.18
5_3r4f_A_S000005,-278.1,74.8,18.17
5_3r4f_A_S000006,-290.3,71.5,15.85
5_3r4f_A_S000007,-142.4,81.0,18.25
5_3r4f_A_S000008,-276.3,82.7,12.65
5_3r4f_A_S000009,-113.1,128.8,17.96
5_3r4f_A_S000010,-272.2,80.0,13.16
5_3r4f_A_S000011,-236.7,125.9,17.87
5_3r4f_A_S000012,-289.6,63.3,14.69
5_3r4f_A_S000013,-279.1,82.3,17.82
5_3r4f_A_S000014,-273.6,78.7,11.92
5_3r4f_A_S000015,-322.1,41.1,17.54
5_3r4f_A_S000016,-302.6,61.3,14.49
5_3r4f_A_S000017,-279.5,83.8,14.37
5_3r4f_A_S000018,-104.1,135.4,12.35
5_3r4f_A_S000019,-110.2,126.2,14.75
5_3r4f_A_S000020,-194.1,178.5,9.30
6_3r4f_A_S000001,-206.1,127.9,17.70
6_3r4f_A_S000002,-255.0,95.7,12.20
6_3r4f_A_S000003,-262.0,82.7,16.47
6_3r4f_A_S000004,-281.5,52.9,16.94
6_3r4f_A_S000005,-287.6,65.4,16.54
6_3r4f_A_S000006,-256.9,81.0,17.74
6_3r4f_A_S000007,-282.0,54.0,13.70
6_3r4f_A_S000008,-276.6,50.8,17.66
6_3r4f_A_S000009,-285.6,88.3,16.01
6_3r4f_A_S000010,-120.0,122.5,12.42
6_3r4f_A_S000011,-163.7,63.3,13.52
6_3r4f_A_S000012,-272.3,68.1,15.82
6_3r4f_A_S000013,-221.4,132.7,14.96
6_3r4f_A_S000014,-283.1,99.0,15.00
6_3r4f_A_S000015,-291.1,64.2,14.96
6_3r4f_A_S000016,-283.0,92.7,18.22
6_3r4f_A_S000017,-242.7,95.5,10.86
6_3r4f_A_S000018,-276.4,96.0,14.70
6_3r4f_A_S000019,-295.5,82.6,15.74
6_3r4f_A_S000020,-306.2,34.6,14.34
7_3r4f_A_S000001,-171.2,188.5,18.12
7_3r4f_A_S000002,-203.9,150.5,16.49
7_3r4f_A_S000003,-250.6,117.5,16.32
7_3r4f_A_S000004,-219.9,166.4,14.77
7_3r4f_A_S000005,-270.4,100.5,10.51
7_3r4f_A_S000006,-264.0,56.5,14.46
7_3r4f_A_S000007,-288.1,91.2,15.42
7_3r4f_A_S000008,-272.6,93.0,17.51
7_3r4f_A_S000009,-261.6,74.9,11.94
7_3r4f_A_S000010,-258.4,121.0,17.53
7_3r4f_A_S000011,-262.6,121.0,15.03
7_3r4f_A_S000012,-118.2,190.0,11.83
7_3r4f_A_S000013,-214.8,123.3,16.35
7_3r4f_A_S000014,-296.2,75.1,13.10
7_3r4f_A_S000015,-282.1,103.7,14.66
7_3r4f_A_S000016,-204.9,96.0,16.20
7_3r4f_A_S000017,-256.9,88.9,16.18
7_3r4f_A_S000018,-269.8,88.0,16.30
7_3r4f_A_S000019,-260.7,87.9,14.13
7_3r4f_A_S000020,-269.6,54.0,15.63
8_3r4f_A_S000001,-276.6,73.0,17.83
8_3r4f_A_S000002,-195.1,162.2,10.16
8_3r4f_A_S000003,-242.3,95.1,12.22
8_3r4f_A_S000004,-291.7,47.8,19.07
8_3r4f_A_S000005,-166.7,194.6,10.61
8_3r4f_A_S000006,-269.1,59.5,18.77
8_3r4f_A_S000007,-250.0,105.9,12.87
8_3r4f_A_S000008,-257.9,69.5,14.76
8_3r4f_A_S000009,-287.6,59.7,18.36
8_3r4f_A_S000010,-283.7,95.8,15.98
8_3r4f_A_S000011,-259.2,97.8,18.27
8_3r4f_A_S000012,-271.6,68.6,16.22
8_3r4f_A_S000013,-292.2,83.0,15.92
8_3r4f_A_S000014,-274.4,100.3,17.32
8_3r4f_A_S000015,-271.6,85.7,11.89
8_3r4f_A_S000016,-179.6,81.6,14.02
8_3r4f_A_S000017,-259.5,71.7,17.69
8_3r4f_A_S000018,-113.0,76.4,14.89
8_3r4f_A_S000019,-272.0,63.7,12.23
8_3r4f_A_S000020,-285.8,90.9,13.99
9_3r4f_A_S000001,-170.5,184.6,14.64
9_3r4f_A_S000002,-286.7,68.6,15.04
9_3r4f_A_S000003,-268.4,86.7,14.51
9_3r4f_A_S000004,-294.6,77.9,15.59
9_3r4f_A_S000005,-287.7,65.2,16.24
9_3r4f_A_S000006,-268.9,104.8,18.61
9_3r4f_A_S000007,-272.1,75.8,16.83
9_3r4f_A_S000008,-180.6,193.7,15.19
9_3r4f_A_S000009,-268.7,78.3,12.07
9_3r4f_A_S000010,-134.9,84.7,16.13
9_3r4f_A_S000011,-157.9,194.6,13.94
9_3r4f_A_S000012,-326.6,44.8,16.99
9_3r4f_A_S000013,-230.6,96.6,12.46
9_3r4f_A_S000014,-258.2,70.2,16.99
9_3r4f_A_S000015,-272.5,72.9,11.69
9_3r4f_A_S000016,-281.7,79.2,12.05
9_3r4f_A_S000017,-278.2,63.8,12.18
9_3r4f_A_S000018,-286.8,66.1,13.54
9_3r4f_A_S000019,-278.5,89.2,17.23
9_3r4f_A_S000020,-283.9,67.8,18.15
