0_4jf2_A_S000001,-108.5,308.6,19.01
0_4jf2_A_S000002,-274.2,113.5,12.23
0_4jf2_A_S000003,-309.5,102.3,13.43
0_4jf2_A_S000004,-282.5,108.1,10.88
0_4jf2_A_S000005,-292.5,112.4,8.00
0_4jf2_A_S000006,-294.9,102.2,11.51
0_4jf2_A_S000007,-294.2,85.6,10.54
0_4jf2_A_S000008,-299.4,77.7,12.33
0_4jf2_A_S000009,-293.9,107.8,9.02
0_4jf2_A_S000010,-308.6,95.4,11.18
0_4jf2_A_S000011,-323.7,57.7,11.43
0_4jf2_A_S000012,-308.4,93.5,14.56
0_4jf2_A_S000013,-307.0,69.1,11.15
0_4jf2_A_S000014,-336.1,95.7,11.01
0_4jf2_A_S000015,-313.6,103.7,11.72
0_4jf2_A_S000016,-308.7,74.2,14.15
0_4jf2_A_S000017,-305.3,113.8,8.93
0_4jf2_A_S000018,-149.7,223.4,19.12
0_4jf2_A_S000019,-304.1,94.1,9.81
0_4jf2_A_S000020,-291.3,101.9,12.89
1_4jf2_A_S000001,-206.4,224.3,17.50
1_4jf2_A_S000002,-306.3,87.6,12.44
1_4jf2_A_S000003,-195.0,208.8,14.22
1_4jf2_A_S000004,-291.0,77.8,14.33
1_4jf2_A_S000005,-297.5,96.8,12.80
1_4jf2_A_S000006,-280.1,81.3,15.03
1_4jf2_A_S000007,-321.6,99.8,10.50
1_4jf2_A_S000008,-299.4,64.7,11.71
1_4jf2_A_S000009,-333.4,79.4,11.05
1_4jf2_A_S000010,-291.1,78.7,11.79
1_4jf2_A_S000011,-307.8,87.7,9.57
1_4jf2_A_S000012,-308.0,67.2,10.56
1_4jf2_A_S000013,-323.3,64.7,10.20
1_4jf2_A_S000014,-304.2,93.3,9.70
1_4jf2_A_S000015,-331.7,90.4,11.62
1_4jf2_A_S000016,-307.9,62.0,10.65
1_4jf2_A_S000017,-331.6,70.2,11.29
1_4jf2_A_S000018,-310.4,94.1,10.64
1_4jf2_A_S000019,-329.8,87.8,11.43
1_4jf2_A_S000020,-318.3,99.7,14.40
2_4jf2_A_S000001,-159.5,254.9,21.37
2_4jf2_A_S000002,-303.5,115.6,9.42
2_4jf2_A_S000003,-271.4,135.4,13.30
2_4jf2_A_S000004,-291.0,91.3,10.25
2_4jf2_A_S000005,-336.1,78.4,10.81
2_4jf2_A_S000006,-288.0,73.5,11.45
2_4jf2_A_S000007,-284.5,113.8,10.59
2_4jf2_A_S000008,-314.2,103.8,11.06
2_4jf2_A_S000009,-292.5,89.0,15.15
2_4jf2_A_S000010,-291.4,87.2,9.33
2_4jf2_A_S000011,-291.1,83.3,15.08
2_4jf2_A_S000012,-321.9,68.2,10.39
2_4jf2_A_S000013,-300.6,67.3,12.53
2_4jf2_A_S000014,-294.8,82.4,12.58
2_4jf2_A_S000015,-291.0,130.5,11.42
2_4jf2_A_S000016,-308.3,80.7,14.94
2_4jf2_A_S000017,-298.3,108.3,10.42
2_4jf2_A_S000018,-301.9,119.0,17.05
2_4jf2_A_S000019,-331.0,96.4,12.04
2_4jf2_A_S000020,-298.4,81.6,10.45
3_4jf2_A_S000001,-71.1,318.3,20.96
3_4jf2_A_S000002,-151.8,231.2,17.34
3_4jf2_A_S000003,-179.7,205.8,19.29
3_4jf2_A_S000004,-279.6,68.6,12.58
3_4jf2_A_S000005,-209.8,224.9,15.62
3_4jf2_A_S000006,-248.3,108.9,10.35
3_4jf2_A_S000007,-265.4,121.3,12.08
3_4jf2_A_S000008,-281.0,116.8,12.51
3_4jf2_A_S000009,-283.1,92.9,12.44
3_4jf2_A_S000010,-286.1,120.6,13.10
3_4jf2_A_S000011,-317.7,95.5,12.87
3_4jf2_A_S000012,-189.2,227.9,14.94
3_4jf2_A_S000013,-287.2,96.1,10.07
3_4jf2_A_S000014,-108.6,300.1,18.73
3_4jf2_A_S000015,-278.3,88.2,12.29
3_4jf2_A_S000016,-333.5,82.9,11.84
3_4jf2_A_S000017,-303.8,82.6,15.38
3_4jf2_A_S000018,-301.3,112.2,14.02
3_4jf2_A_S000019,-281.0,128.8,10.82
3_4jf2_A_S000020,-299.8,70.4,11.37
4_4jf2_A_S000001,-299.9,107.7,9.05
4_4jf2_A_S000002,-239.5,123.1,12.68
4_4jf2_A_S000003,-320.8,59.7,11.04
4_4jf2_A_S000004,-307.7,99.9,11.59
4_4jf2_A_S000005,-286.0,97.5,11.32
4_4jf2_A_S000006,-299.4,99.5,11.90
4_4jf2_A_S000007,-289.7,117.6,12.30
4_4jf2_A_S000008,-284.8,97.8,7.99
4_4jf2_A_S000009,-282.7,117.1,13.85
4_4jf2_A_S000010,-305.0,71.1,11.54
4_4jf2_A_S000011,-306.9,81.8,14.14
4_4jf2_A_S000012,-295.1,120.3,13.06
4_4jf2_A_S000013,-320.4,85.6,13.17
4_4jf2_A_S000014,-290.0,89.6,13.03
4_4jf2_A_S000015,-336.4,90.1,12.40
4_4jf2_A_S000016,-288.7,88.6,14.21
4_4jf2_A_S000017,-136.9,158.8,11.67
4_4jf2_A_S000018,-234.4,119.6,12.74
4_4jf2_A_S000019,-285.6,108.8,12.81
4_4jf2_A_S000020,-293.9,95.9,7.77
5_4jf2_A_S000001,-158.4,232.1,19.46
5_4jf2_A_S000002,-172.7,261.8,22.69
5_4jf2_A_S000003,-189.2,230.6,20.37
5_4jf2_A_S000004,-317.4,64.7,10.69
5_4jf2_A_S000005,-287.2,95.1,17.06
5_4jf2_A_S000006,-308.0,100.1,9.13
5_4jf2_A_S000007,-290.6,91.7,11.57
5_4jf2_A_S000008,-245.0,103.0,12.93
5_4jf2_A_S000009,-306.3,75.4,12.01
5_4jf2_A_S000010,-294.3,83.8,14.38
5_4jf2_A_S000011,-321.8,87.5,8.31
5_4jf2_A_S000012,-303.0,100.5,12.71
5_4jf2_A_S000013,-295.9,114.9,9.72
5_4jf2_A_S000014,-265.3,131.6,11.40
5_4jf2_A_S000015,-50.4,370.9,20.50
5_4jf2_A_S000016,-157.0,233.9,18.00
5_4jf2_A_S000017,-285.7,115.6,11.59
5_4jf2_A_S000018,-297.2,50.7,12.37
5_4jf2_A_S000019,-296.4,69.8,12.35
5_4jf2_A_S000020,-309.7,80.9,11.88
6_4jf2_A_S000001,-193.0,233.8,15.34
6_4jf2_A_S000002,-222.3,152.4,14.81
6_4jf2_A_S000003,-284.4,109.8,13.19
6_4jf2_A_S000004,-343.8,65.3,11.14
6_4jf2_A_S000005,-291.2,102.8,13.39
6_4jf2_A_S000006,-297.1,96.4,10.71
6_4jf2_A_S000007,-117.2,280.8,19.50
6_4jf2_A_S000008,-289.9,97.8,9.33
6_4jf2_A_S000009,-298.3,106.3,9.50
6_4jf2_A_S000010,-312.4,86.4,11.24
6_4jf2_A_S000011,-295.1,86.1,13.18
6_4jf2_A_S000012,-301.1,97.2,9.94
6_4jf2_A_S000013,-294.4,96.9,14.77
6_4jf2_A_S000014,-284.1,101.9,9.50
6_4jf2_A_S000015,-181.5,199.2,16.13
6_4jf2_A_S000016,-324.1,65.2,15.92
6_4jf2_A_S000017,-330.1,93.0,8.94
6_4jf2_A_S000018,-285.5,131.2,14.36
6_4jf2_A_S000019,-282.3,103.5,14.38
6_4jf2_A_S000020,-298.9,94.3,9.26
7_4jf2_A_S000001,-148.5,234.1,19.56
7_4jf2_A_S000002,-165.6,227.1,15.09
7_4jf2_A_S000003,-215.5,201.1,14.23
7_4jf2_A_S000004,-187.5,218.1,15.64
7_4jf2_A_S000005,-280.6,108.2,14.49
7_4jf2_A_S000006,-224.4,173.8,15.55
7_4jf2_A_S000007,-260.3,109.6,11.39
7_4jf2_A_S000008,-250.8,96.0,14.29
7_4jf2_A_S000009,-267.9,117.8,10.89
7_4jf2_A_S000010,-292.2,88.2,15.60
7_4jf2_A_S000011,-269.6,122.0,11.34
7_4jf2_A_S000012,-292.0,102.9,10.57
7_4jf2_A_S000013,-335.9,66.5,9.92
7_4jf2_A_S000014,-326.6,84.0,13.72
7_4jf2_A_S000015,-299.4,101.9,12.77
7_4jf2_A_S000016,-304.8,38.8,10.83
7_4jf2_A_S000017,-339.8,75.0,15.45
7_4jf2_A_S000018,-314.8,56.7,11.40
7_4jf2_A_S000019,-307.2,97.8,12.40
7_4jf2_A_S000020,-297.0,89.3,17.64
8_4jf2_A_S000001,-246.3,139.4,13.63
8_4jf2_A_S000002,-295.7,104.9,11.22
8_4jf2_A_S000003,-284.2,127.3,13.01
8_4jf2_A_S000004,-298.9,91.7,13.12
8_4jf2_A_S000005,-314.7,51.7,15.15
8_4jf2_A_S000006,-334.3,51.4,10.75
8_4jf2_A_S000007,-299.7,82.3,17.14
8_4jf2_A_S000008,-291.8,125.3,10.67
8_4jf2_A_S000009,-317.4,83.1,13.40
8_4jf2_A_S000010,-303.7,99.4,12.33
8_4jf2_A_S000011,-318.3,68.0,8.93
8_4jf2_A_S000012,-315.2,75.8,11.27
8_4jf2_A_S000013,-323.0,85.3,12.25
8_4jf2_A_S000014,-300.1,75.5,8.92
8_4jf2_A_S000015,-143.7,242.4,19.84
8_4jf2_A_S000016,-312.5,96.7,7.90
8_4jf2_A_S000017,-297.9,98.5,13.69
8_4jf2_A_S000018,-187.1,132.4,13.49
8_4jf2_A_S000019,-303.5,97.0,10.38
8_4jf2_A_S000020,-322.7,49.6,11.23
9_4jf2_A_S000001,-234.6,211.3,17.26
9_4jf2_A_S000002,-305.9,72.7,11.47
9_4jf2_A_S000003,-299.1,99.0,15.91
9_4jf2_A_S000004,-325.5,82.3,13.90
9_4jf2_A_S000005,-319.0,110.6,14.02
9_4jf2_A_S000006,-130.3,228.8,11.71
9_4jf2_A_S000007,-306.0,87.3,12.58
9_4jf2_A_S000008,-335.5,97.5,10.01
9_4jf2_A_S000009,-287.4,58.3,13.11
9_4jf2_A_S000010,-302.3,111.4,12.37
9_4jf2_A_S000011,-302.1,106.0,9.53
9_4jf2_A_S000012,-289.7,122.4,12.22
9_4jf2_A_S000013,-308.8,77.7,11.57
9_4jf2_A_S000014,-297.1,105.2,11.83
9_4jf2_A_S000015,-257.4,79.6,18.36
9_4jf2_A_S000016,-286.2,111.1,12.92
9_4jf2_A_S000017,-286.8,113.9,7.83
9_4jf2_A_S000018,-328.8,102.7,9.13
9_4jf2_A_S000019,-310.5,55.1,12.94
9_4jf2_A_S000020,-288.1,105.6,11.80
