0_6db9_R_S000001,-181.2,91.6,16.02
0_6db9_R_S000002,-205.3,88.1,10.75
0_6db9_R_S000003,-210.6,89.9,14.96
0_6db9_R_S000004,-211.6,96.2,13.77
0_6db9_R_S000005,-221.2,67.2,13.71
0_6db9_R_S000006,-260.7,84.8,13.96
0_6db9_R_S000007,-242.6,44.5,12.87
0_6db9_R_S000008,-280.1,59.4,15.36
0_6db9_R_S000009,-274.4,47.1,14.81
0_6db9_R_S000010,-245.1,85.8,16.09
0_6db9_R_S000011,-245.4,63.5,16.46
0_6db9_R_S000012,-254.9,85.1,15.75
0_6db9_R_S000013,-261.1,62.0,14.20
0_6db9_R_S000014,-258.8,56.6,9.68
0_6db9_R_S000015,-264.4,58.5,14.50
0_6db9_R_S000016,-257.6,78.3,14.73
0_6db9_R_S000017,-245.8,61.5,15.52
0_6db9_R_S000018,-255.7,74.8,14.05
0_6db9_R_S000019,-256.3,62.7,16.04
0_6db9_R_S000020,-251.3,42.3,10.29
1_6db9_R_S000001,-245.0,60.8,16.55
1_6db9_R_S000002,-209.6,90.6,15.05
1_6db9_R_S000003,-269.4,47.1,16.15
1_6db9_R_S000004,-247.1,76.5,10.90
1_6db9_R_S000005,-226.3,70.1,15.79
1_6db9_R_S000006,-264.4,69.0,15.20
1_6db9_R_S000007,-289.2,52.1,13.13
1_6db9_R_S000008,-253.5,58.1,14.26
1_6db9_R_S000009,-262.9,77.3,14.28
1_6db9_R_S000010,-108.8,138.0,14.14
1_6db9_R_S000011,-274.3,23.7,13.34
1_6db9_R_S000012,-290.5,36.1,15.05
1_6db9_R_S000013,-267.3,65.3,14.33
1_6db9_R_S000014,-273.0,70.8,14.26
1_6db9_R_S000015,-252.4,76.4,16.68
1_6db9_R_S000016,-275.0,46.2,10.82
1_6db9_R_S000017,-199.2,113.1,13.17
1_6db9_R_S000018,-197.6,95.4,16.34
1_6db9_R_S000019,-250.9,64.6,15.38
1_6db9_R_S000020,-289.5,48.9,15.30
2_6db9_R_S000001,-208.1,82.7,8.65
2_6db9_R_S000002,-236.9,83.6,14.39
2_6db9_R_S000003,-238.8,75.1,13.94
2_6db9_R_S000004,-241.8,99.9,17.82
2_6db9_R_S000005,-252.5,78.0,12.21
2_6db9_R_S000006,-249.6,56.9,14.60
2_6db9_R_S000007,-243.5,57.7,16.05
2_6db9_R_S000008,-266.8,34.8,14.13
2_6db9_R_S000009,-246.1,79.7,15.04
2_6db9_R_S000010,-271.5,41.8,16.34
2_6db9_R_S000011,-269.0,48.1,11.57
2_6db9_R_S000012,-255.5,71.4,16.12
2_6db9_R_S000013,-252.5,47.0,10.83
2_6db9_R_S000014,-271.7,63.3,13.95
2_6db9_R_S000015,-262.5,53.0,14.16
2_6db9_R_S000016,-251.1,77.3,15.94
2_6db9_R_S000017,-247.1,65.5,14.44
2_6db9_R_S000018,-269.9,54.2,16.40
2_6db9_R_S000019,-223.0,93.7,16.43
2_6db9_R_S000020,-249.8,84.1,13.48
3_6db9_R_S000001,-150.2,138.2,14.94
3_6db9_R_S000002,-211.2,91.9,17.74
3_6db9_R_S000003,-235.2,83.0,16.38
3_6db9_R_S000004,-226.4,89.4,16.29
3_6db9_R_S000005,-265.8,78.6,15.51
3_6db9_R_S000006,-280.0,44.5,16.51
3_6db9_R_S000007,-285.5,30.0,14.43
3_6db9_R_S000008,-269.1,59.1,9.89
3_6db9_R_S000009,-223.9,103.5,15.41
3_6db9_R_S000010,-245.7,50.7,11.27
3_6db9_R_S000011,-270.1,46.7,16.89
3_6db9_R_S000012,-262.3,69.2,13.20
3_6db9_R_S000013,-269.1,58.7,13.80
3_6db9_R_S000014,-218.7,91.5,15.31
3_6db9_R_S000015,-270.4,41.2,16.69
3_6db9_R_S000016,-200.4,88.3,15.95
3_6db9_R_S000017,-285.9,48.0,15.66
3_6db9_R_S000018,-194.7,113.4,10.47
3_6db9_R_S000019,-282.9,50.7,11.35
3_6db9_R_S000020,-276.2,52.4,16.11
4_6db9_R_S000001,-261.4,47.8,15.36
4_6db9_R_S000002,-248.5,62.8,14.35
4_6db9_R_S000003,-250.6,61.2,15.10
4_6db9_R_S000004,-251.1,64.3,14.75
4_6db9_R_S000005,-284.2,34.7,13.92
4_6db9_R_S000006,-258.8,65.3,12.80
4_6db9_R_S000007,-295.6,25.3,14.31
4_6db9_R_S000008,-263.0,59.7,10.88
4_6db9_R_S000009,-274.6,41.4,11.05
4_6db9_R_S000010,-193.2,80.7,14.49
4_6db9_R_S000011,-273.7,48.4,15.74
4_6db9_R_S000012,-261.6,45.5,15.06
4_6db9_R_S000013,-207.2,100.6,16.16
4_6db9_R_S000014,-273.7,42.0,13.15
4_6db9_R_S000015,-259.4,46.6,15.04
4_6db9_R_S000016,-259.0,68.8,13.56
4_6db9_R_S000017,-267.6,60.4,14.26
4_6db9_R_S000018,-267.9,51.6,12.28
4_6db9_R_S000019,-271.5,51.3,15.18
4_6db9_R_S000020,-164.2,60.7,15.76
5_6db9_R_S000001,-246.8,75.8,17.51
5_6db9_R_S000002,-260.9,52.2,15.62
5_6db9_R_S000003,-251.9,70.5,14.04
5_6db9_R_S000004,-232.4,72.2,13.58
5_6db9_R_S000005,-236.1,51.7,15.43
5_6db9_R_S000006,-239.9,57.3,15.35
5_6db9_R_S000007,-256.2,59.9,16.57
5_6db9_R_S000008,-248.5,56.3,14.18
5_6db9_R_S000009,-259.0,73.3,15.07
5_6db9_R_S000010,-281.5,41.5,12.18
5_6db9_R_S000011,-268.7,63.8,17.09
5_6db9_R_S000012,-274.0,51.2,14.08
5_6db9_R_S000013,-258.4,60.4,14.85
5_6db9_R_S000014,-251.5,53.3,14.36
5_6db9_R_S000015,-262.1,63.6,15.31
5_6db9_R_S000016,-274.1,61.7,14.28
5_6db9_R_S000017,-253.4,72.3,15.60
5_6db9_R_S000018,-270.2,54.3,8.87
5_6db9_R_S000019,-172.6,131.0,15.56
5_6db9_R_S000020,-248.2,89.2,15.46
6_6db9_R_S000001,-203.1,89.8,14.62
6_6db9_R_S000002,-221.0,86.4,16.35
6_6db9_R_S000003,-264.6,63.2,14.20
6_6db9_R_S000004,-202.6,106.3,16.35
6_6db9_R_S000005,-218.4,70.5,16.01
6_6db9_R_S000006,-259.4,71.4,7.58
6_6db9_R_S000007,-265.1,50.3,15.52
6_6db9_R_S000008,-255.1,75.0,16.11
6_6db9_R_S000009,-270.1,41.0,14.25
6_6db9_R_S000010,-261.4,57.8,10.40
6_6db9_R_S000011,-279.2,61.7,13.82
6_6db9_R_S000012,-16.0,174.8,16.75
6_6db9_R_S000013,-253.5,44.1,14.23
6_6db9_R_S000014,-262.6,48.2,14.90
6_6db9_R_S000015,-127.6,141.5,15.87
6_6db9_R_S000016,-280.1,49.9,14.42
6_6db9_R_S000017,-263.5,54.4,14.97
6_6db9_R_S000018,-255.1,68.8,14.99
6_6db9_R_S000019,-271.6,56.7,14.14
6_6db9_R_S000020,-255.8,85.7,14.80
7_6db9_R_S000001,-248.5,51.5,13.91
7_6db9_R_S000002,-281.8,67.7,15.85
7_6db9_R_S000003,-259.2,67.3,14.99
7_6db9_R_S000004,-294.2,46.8,10.18
7_6db9_R_S000005,-272.3,60.5,13.90
7_6db9_R_S000006,-276.5,39.7,12.81
7_6db9_R_S000007,-192.1,86.3,14.99
7_6db9_R_S000008,-274.1,51.6,9.59
7_6db9_R_S000009,-263.9,52.1,15.12
7_6db9_R_S000010,-195.3,87.7,14.96
7_6db9_R_S000011,-258.9,66.4,13.02
7_6db9_R_S000012,-253.6,52.8,13.53
7_6db9_R_S000013,-231.6,73.2,15.54
7_6db9_R_S000014,-150.4,149.8,15.09
7_6db9_R_S000015,-267.3,40.5,15.42
7_6db9_R_S000016,-173.7,107.3,12.26
7_6db9_R_S000017,-270.9,54.9,13.22
7_6db9_R_S000018,-242.8,88.0,10.21
7_6db9_R_S000019,-271.2,46.9,14.58
7_6db9_R_S000020,-245.4,60.8,13.74
8_6db9_R_S000001,-201.3,87.2,16.51
8_6db9_R_S000002,-251.1,64.0,15.41
8_6db9_R_S000003,-252.0,75.3,11.71
8_6db9_R_S000004,-242.2,57.6,14.95
8_6db9_R_S000005,-272.6,75.5,15.34
8_6db9_R_S000006,-256.0,61.1,15.41
8_6db9_R_S000007,-271.9,49.5,14.21
8_6db9_R_S000008,-263.6,58.3,13.69
8_6db9_R_S000009,-261.4,77.3,13.12
8_6db9_R_S000010,-261.3,59.6,14.82
8_6db9_R_S000011,-271.0,72.4,15.46
8_6db9_R_S000012,-261.8,76.8,15.83
8_6db9_R_S000013,-265.6,28.8,15.48
8_6db9_R_S000014,-279.2,53.7,15.58
8_6db9_R_S000015,-264.7,59.2,16.37
8_6db9_R_S000016,-132.4,57.6,16.10
8_6db9_R_S000017,-280.1,24.0,12.98
8_6db9_R_S000018,-280.4,68.6,14.92
8_6db9_R_S000019,-270.8,51.9,14.52
8_6db9_R_S000020,-279.4,30.9,14.29
9_6db9_R_S000001,-176.8,97.8,13.56
9_6db9_R_S000002,-304.2,54.6,15.00
9_6db9_R_S000003,-195.0,93.9,16.23
9_6db9_R_S000004,-156.9,71.8,16.11
9_6db9_R_S000005,-247.7,58.9,16.57
9_6db9_R_S000006,-251.3,58.5,12.92
9_6db9_R_S000007,-240.3,44.0,15.29
9_6db9_R_S000008,-261.8,70.9,14.55
9_6db9_R_S000009,-250.5,54.1,15.55
9_6db9_R_S000010,-260.2,55.6,15.67
9_6db9_R_S000011,-253.4,60.9,16.83
9_6db9_R_S000012,-253.6,35.4,11.96
9_6db9_R_S000013,-261.5,58.9,16.03
9_6db9_R_S000014,-263.6,52.7,14.34
9_6db9_R_S000015,-261.6,60.2,14.34
9_6db9_R_S000016,-252.6,67.3,15.65
9_6db9_R_S000017,-298.6,60.4,14.92
9_6db9_R_S000018,-285.0,65.3,14.72
9_6db9_R_S000019,-257.1,66.5,8.76
9_6db9_R_S000020,-273.3,48.6,16.42
