0_6mwn_A_S000001,24.8,573.1,21.34
0_6mwn_A_S000002,14.0,546.4,16.03
0_6mwn_A_S000003,-45.2,472.1,20.07
0_6mwn_A_S000004,-80.6,414.1,20.05
0_6mwn_A_S000005,-18.2,433.8,17.10
0_6mwn_A_S000006,101.0,628.9,18.85
0_6mwn_A_S000007,86.5,601.2,19.54
0_6mwn_A_S000008,-50.3,421.3,19.95
0_6mwn_A_S000009,7.4,490.8,19.75
0_6mwn_A_S000010,7.6,467.4,20.75
0_6mwn_A_S000011,-24.8,412.8,19.94
0_6mwn_A_S000012,-80.6,441.7,19.92
0_6mwn_A_S000013,-41.8,429.7,21.19
0_6mwn_A_S000014,38.3,537.1,19.37
0_6mwn_A_S000015,-70.6,412.9,16.23
0_6mwn_A_S000016,78.3,583.6,18.43
0_6mwn_A_S000017,-31.2,436.3,19.68
0_6mwn_A_S000018,-3.2,502.7,19.99
0_6mwn_A_S000019,-75.2,432.7,16.99
0_6mwn_A_S000020,-4.7,481.8,20.70
1_6mwn_A_S000001,31.5,541.1,19.34
1_6mwn_A_S000002,18.1,512.8,19.76
1_6mwn_A_S000003,-27.9,391.8,14.78
1_6mwn_A_S000004,62.0,422.9,22.49
1_6mwn_A_S000005,-3.6,444.7,19.38
1_6mwn_A_S000006,10.5,484.2,20.04
1_6mwn_A_S000007,58.0,467.1,18.14
1_6mwn_A_S000008,-32.4,455.1,15.03
1_6mwn_A_S000009,-15.8,446.2,16.75
1_6mwn_A_S000010,-38.5,464.9,19.26
1_6mwn_A_S000011,-32.7,425.7,20.06
1_6mwn_A_S000012,-34.9,439.6,16.22
1_6mwn_A_S000013,32.1,550.6,18.13
1_6mwn_A_S000014,-6.2,487.7,19.96
1_6mwn_A_S000015,-14.8,460.9,17.43
1_6mwn_A_S000016,-13.0,436.2,15.37
1_6mwn_A_S000017,-64.4,432.9,14.88
1_6mwn_A_S000018,179.3,677.5,21.00
1_6mwn_A_S000019,161.6,580.0,21.45
1_6mwn_A_S000020,29.4,471.3,20.41
2_6mwn_A_S000001,114.4,629.8,19.10
2_6mwn_A_S000002,65.9,621.7,22.43
2_6mwn_A_S000003,57.0,577.5,20.68
2_6mwn_A_S000004,-5.3,475.0,19.55
2_6mwn_A_S000005,-68.4,395.5,19.20
2_6mwn_A_S000006,-16.6,458.3,20.59
2_6mwn_A_S000007,-12.4,460.1,18.93
2_6mwn_A_S000008,-18.8,449.4,19.30
2_6mwn_A_S000009,-4.0,454.8,16.79
2_6mwn_A_S000010,9.6,505.9,19.09
2_6mwn_A_S000011,6.8,503.9,18.49
2_6mwn_A_S000012,-75.9,412.0,20.47
2_6mwn_A_S000013,98.2,606.2,19.67
2_6mwn_A_S000014,84.1,577.3,17.05
2_6mwn_A_S000015,-31.8,390.9,21.58
2_6mwn_A_S000016,124.2,618.9,17.53
2_6mwn_A_S000017,-67.0,475.4,20.90
2_6mwn_A_S000018,-18.3,487.1,19.12
2_6mwn_A_S000019,122.2,484.7,18.49
2_6mwn_A_S000020,-10.1,486.7,16.27
3_6mwn_A_S000001,-41.5,446.0,16.59
3_6mwn_A_S000002,24.8,553.7,20.07
3_6mwn_A_S000003,31.4,471.6,20.06
3_6mwn_A_S000004,-21.3,478.0,21.01
3_6mwn_A_S000005,14.8,497.7,18.75
3_6mwn_A_S000006,-73.9,452.6,18.29
3_6mwn_A_S000007,-22.1,440.3,15.49
3_6mwn_A_S000008,-32.7,486.9,15.94
3_6mwn_A_S000009,-7.1,509.1,15.40
3_6mwn_A_S000010,-94.1,421.4,19.25
3_6mwn_A_S000011,-22.8,435.4,19.83
3_6mwn_A_S000012,96.1,604.1,22.42
3_6mwn_A_S000013,12.7,487.9,21.26
3_6mwn_A_S000014,-36.1,468.8,22.06
3_6mwn_A_S000015,-98.2,381.2,15.34
3_6mwn_A_S000016,10.1,486.2,19.77
3_6mwn_A_S000017,6.0,521.7,14.83
3_6mwn_A_S000018,-6.8,468.9,19.95
3_6mwn_A_S000019,-14.5,444.0,15.72
3_6mwn_A_S000020,83.5,590.2,18.01
4_6mwn_A_S000001,98.1,593.3,16.70
4_6mwn_A_S000002,3.6,476.7,15.97
4_6mwn_A_S000003,24.3,525.4,19.16
4_6mwn_A_S000004,-38.4,469.1,14.79
4_6mwn_A_S000005,-46.4,429.9,19.64
4_6mwn_A_S000006,-8.9,487.8,20.90
4_6mwn_A_S000007,-14.1,467.1,17.70
4_6mwn_A_S000008,-40.2,453.2,19.16
4_6mwn_A_S000009,-47.3,436.1,20.81
4_6mwn_A_S000010,-17.6,501.7,17.77
4_6mwn_A_S000011,-23.4,439.7,19.25
4_6mwn_A_S000012,220.2,570.2,21.71
4_6mwn_A_S000013,-41.9,461.1,19.25
4_6mwn_A_S000014,-25.1,444.3,20.00
4_6mwn_A_S000015,-44.5,453.2,21.49
4_6mwn_A_S000016,-69.2,441.2,21.30
4_6mwn_A_S000017,-53.9,452.3,20.44
4_6mwn_A_S000018,-45.2,397.9,19.08
4_6mwn_A_S000019,180.3,478.4,20.95
4_6mwn_A_S000020,-74.1,375.0,17.50
5_6mwn_A_S000001,123.4,631.1,19.79
5_6mwn_A_S000002,-16.7,484.2,19.50
5_6mwn_A_S000003,3.2,497.0,20.29
5_6mwn_A_S000004,-29.3,419.9,16.57
5_6mwn_A_S000005,-27.1,483.3,18.48
5_6mwn_A_S000006,88.5,600.0,20.97
5_6mwn_A_S000007,147.2,548.0,15.63
5_6mwn_A_S000008,-9.3,448.1,19.77
5_6mwn_A_S000009,-26.1,456.4,20.41
5_6mwn_A_S000010,132.8,619.4,19.61
5_6mwn_A_S000011,-45.5,400.4,20.22
5_6mwn_A_S000012,-13.1,472.9,19.19
5_6mwn_A_S000013,83.1,576.7,19.50
5_6mwn_A_S000014,-15.2,449.5,16.80
5_6mwn_A_S000015,-87.0,445.3,16.24
5_6mwn_A_S000016,182.3,520.1,17.30
5_6mwn_A_S000017,-29.0,456.8,20.34
5_6mwn_A_S000018,-3.8,465.8,17.02
5_6mwn_A_S000019,-46.3,443.3,18.47
5_6mwn_A_S000020,-27.3,472.8,22.44
6_6mwn_A_S000001,176.4,667.3,20.97
6_6mwn_A_S000002,-55.6,416.9,21.83
6_6mwn_A_S000003,-6.2,418.2,19.36
6_6mwn_A_S000004,-28.1,451.8,16.66
6_6mwn_A_S000005,-6.5,445.3,17.51
6_6mwn_A_S000006,53.7,542.3,19.25
6_6mwn_A_S000007,115.4,635.3,21.73
6_6mwn_A_S000008,13.4,521.5,19.97
6_6mwn_A_S000009,1.2,496.8,19.39
6_6mwn_A_S000010,-17.9,476.9,16.30
6_6mwn_A_S000011,0.3,498.3,20.54
6_6mwn_A_S000012,-63.2,407.7,20.44
6_6mwn_A_S000013,3.3,494.0,17.63
6_6mwn_A_S000014,-10.8,485.9,20.42
6_6mwn_A_S000015,-50.8,440.6,19.29
6_6mwn_A_S000016,-6.8,483.5,19.58
6_6mwn_A_S000017,-43.6,413.3,21.32
6_6mwn_A_S000018,-72.1,422.5,20.26
6_6mwn_A_S000019,-48.1,473.1,21.25
6_6mwn_A_S000020,-24.3,472.0,20.92
7_6mwn_A_S000001,-28.6,473.9,15.55
7_6mwn_A_S000002,-60.1,397.9,21.83
7_6mwn_A_S000003,103.6,535.7,16.64
7_6mwn_A_S000004,-21.6,496.4,19.18
7_6mwn_A_S000005,138.9,566.8,19.91
7_6mwn_A_S000006,6.0,454.5,18.97
7_6mwn_A_S000007,-15.4,472.8,20.15
7_6mwn_A_S000008,84.5,593.9,19.79
7_6mwn_A_S000009,27.9,502.5,21.12
7_6mwn_A_S000010,87.8,597.5,22.91
7_6mwn_A_S000011,-6.0,485.7,19.65
7_6mwn_A_S000012,-33.4,497.8,17.50
7_6mwn_A_S000013,-22.7,449.9,20.70
7_6mwn_A_S000014,-38.5,455.2,20.90
7_6mwn_A_S000015,-24.0,454.4,21.42
7_6mwn_A_S000016,-23.1,470.2,16.80
7_6mwn_A_S000017,-71.8,455.0,19.86
7_6mwn_A_S000018,-32.1,432.5,20.77
7_6mwn_A_S000019,-81.9,365.0,20.09
7_6mwn_A_S000020,4.7,477.1,19.23
8_6mwn_A_S000001,27.8,507.5,17.65
8_6mwn_A_S000002,59.3,567.7,19.75
8_6mwn_A_S000003,-27.6,458.3,18.54
8_6mwn_A_S000004,41.2,464.9,15.58
8_6mwn_A_S000005,36.7,545.0,20.81
8_6mwn_A_S000006,25.3,539.0,20.72
8_6mwn_A_S000007,-22.3,467.1,21.42
8_6mwn_A_S000008,14.8,525.3,21.37
8_6mwn_A_S000009,6.4,478.7,19.63
8_6mwn_A_S000010,-28.7,465.2,20.02
8_6mwn_A_S000011,-2.8,437.5,19.89
8_6mwn_A_S000012,-30.9,454.1,20.15
8_6mwn_A_S000013,-53.3,425.8,15.93
8_6mwn_A_S000014,-28.1,473.3,20.24
8_6mwn_A_S000015,-53.7,399.3,18.36
8_6mwn_A_S000016,-47.1,405.8,19.77
8_6mwn_A_S000017,-13.3,466.9,19.39
8_6mwn_A_S000018,149.9,538.7,18.92
8_6mwn_A_S000019,-49.0,445.8,19.86
8_6mwn_A_S000020,-57.6,436.4,16.90
9_6mwn_A_S000001,90.9,588.9,18.95
9_6mwn_A_S000002,-44.2,468.5,18.05
9_6mwn_A_S000003,-24.6,509.0,20.61
9_6mwn_A_S000004,-34.9,436.9,19.81
9_6mwn_A_S000005,95.6,458.3,19.38
9_6mwn_A_S000006,49.1,510.1,19.37
9_6mwn_A_S000007,-10.6,476.5,19.24
9_6mwn_A_S000008,-26.9,449.3,20.73
9_6mwn_A_S000009,-21.2,443.8,18.64
9_6mwn_A_S000010,-39.5,453.3,20.88
9_6mwn_A_S000011,-56.8,446.7,20.86
9_6mwn_A_S000012,136.2,478.6,21.10
9_6mwn_A_S000013,-12.9,456.4,20.74
9_6mwn_A_S000014,-76.2,417.2,19.71
9_6mwn_A_S000015,124.8,512.3,21.91
9_6mwn_A_S000016,-27.1,470.7,19.88
9_6mwn_A_S000017,-55.2,434.2,19.62
9_6mwn_A_S000018,-63.3,391.3,19.66
9_6mwn_A_S000019,88.1,493.6,16.00
9_6mwn_A_S000020,149.8,649.6,20.33
