0_1s03_A_S000001,-287.3,10.6,4.55
0_1s03_A_S000002,-304.1,9.7,3.27
0_1s03_A_S000003,-305.3,10.1,3.30
0_1s03_A_S000004,-295.2,6.3,4.23
0_1s03_A_S000005,-297.3,5.6,3.96
0_1s03_A_S000006,-309.2,6.5,3.55
0_1s03_A_S000007,-298.9,10.7,3.50
0_1s03_A_S000008,-297.4,6.9,3.13
0_1s03_A_S000009,-299.8,8.6,3.19
0_1s03_A_S000010,-299.1,10.4,3.74
0_1s03_A_S000011,-302.7,8.4,3.38
0_1s03_A_S000012,-300.8,7.8,4.12
0_1s03_A_S000013,-299.3,7.0,3.70
0_1s03_A_S000014,-301.1,8.6,3.39
0_1s03_A_S000015,-303.8,2.6,3.84
0_1s03_A_S000016,-300.9,5.5,3.79
0_1s03_A_S000017,-304.5,7.0,3.82
0_1s03_A_S000018,-301.6,8.9,4.10
0_1s03_A_S000019,-300.3,12.6,3.62
0_1s03_A_S000020,-301.0,2.5,4.01
1_1s03_A_S000001,-292.4,6.2,3.76
1_1s03_A_S000002,-296.2,8.9,3.46
1_1s03_A_S000003,-295.9,8.1,3.46
1_1s03_A_S000004,-300.9,8.7,4.14
1_1s03_A_S000005,-295.8,7.8,2.47
1_1s03_A_S000006,-299.5,8.2,3.71
1_1s03_A_S000007,-305.4,7.1,3.36
1_1s03_A_S000008,-301.8,5.0,4.38
1_1s03_A_S000009,-296.7,5.6,3.31
1_1s03_A_S000010,-295.3,10.9,5.12
1_1s03_A_S000011,-301.2,8.8,3.78
1_1s03_A_S000012,-298.8,11.0,4.18
1_1s03_A_S000013,-304.4,5.3,3.46
1_1s03_A_S000014,-294.4,8.0,3.71
1_1s03_A_S000015,-297.4,8.2,3.54
1_1s03_A_S000016,-296.3,6.2,3.74
1_1s03_A_S000017,-295.1,5.9,3.94
1_1s03_A_S000018,-297.6,10.0,4.14
1_1s03_A_S000019,-298.8,7.8,2.42
1_1s03_A_S000020,-297.0,6.7,4.36
2_1s03_A_S000001,-299.8,7.2,3.94
2_1s03_A_S000002,-291.6,7.6,4.28
2_1s03_A_S000003,-295.0,12.8,3.60
2_1s03_A_S000004,-284.4,9.0,4.11
2_1s03_A_S000005,-306.3,8.2,3.11
2_1s03_A_S000006,-294.0,5.8,4.28
2_1s03_A_S000007,-296.3,11.3,3.48
2_1s03_A_S000008,-299.0,8.2,3.90
2_1s03_A_S000009,-294.3,4.3,3.69
2_1s03_A_S000010,-295.4,5.1,3.68
2_1s03_A_S000011,-294.7,4.8,4.03
2_1s03_A_S000012,-295.4,8.2,3.26
2_1s03_A_S000013,-294.5,5.9,3.72
2_1s03_A_S000014,-296.3,13.9,4.03
2_1s03_A_S000015,-287.3,6.0,4.07
2_1s03_A_S000016,-298.8,10.8,3.97
2_1s03_A_S000017,-300.2,8.8,4.07
2_1s03_A_S000018,-299.0,7.1,3.22
2_1s03_A_S000019,-294.4,5.1,3.70
2_1s03_A_S000020,-294.9,4.2,3.57
3_1s03_A_S000001,-300.6,8.4,3.41
3_1s03_A_S000002,-301.7,8.3,4.40
3_1s03_A_S000003,-309.6,10.5,3.59
3_1s03_A_S000004,-303.8,9.1,4.16
3_1s03_A_S000005,-301.9,6.4,4.26
3_1s03_A_S000006,-285.9,6.9,4.38
3_1s03_A_S000007,-297.3,8.7,4.22
3_1s03_A_S000008,-306.4,6.9,3.71
3_1s03_A_S000009,-301.7,10.5,3.34
3_1s03_A_S000010,-290.6,7.6,4.25
3_1s03_A_S000011,-300.3,9.0,3.24
3_1s03_A_S000012,-283.1,6.2,4.46
3_1s03_A_S000013,-304.9,5.6,4.00
3_1s03_A_S000014,-308.7,6.4,2.84
3_1s03_A_S000015,-300.6,7.5,3.95
3_1s03_A_S000016,-298.1,7.2,3.77
3_1s03_A_S000017,-291.7,3.7,5.04
3_1s03_A_S000018,-306.1,3.3,3.13
3_1s03_A_S000019,-291.0,6.3,4.29
3_1s03_A_S000020,-304.6,10.3,4.04
4_1s03_A_S000001,-277.3,8.3,3.68
4_1s03_A_S000002,-282.6,7.2,3.72
4_1s03_A_S000003,-288.6,5.2,3.67
4_1s03_A_S000004,-291.9,9.9,4.01
4_1s03_A_S000005,-295.2,10.0,3.45
4_1s03_A_S000006,-293.9,6.9,4.05
4_1s03_A_S000007,-292.1,7.7,4.10
4_1s03_A_S000008,-298.0,7.1,3.49
4_1s03_A_S000009,-301.0,12.6,3.99
4_1s03_A_S000010,-300.3,11.1,4.65
4_1s03_A_S000011,-294.4,7.9,4.80
4_1s03_A_S000012,-294.6,7.0,3.89
4_1s03_A_S000013,-301.1,11.0,3.93
4_1s03_A_S000014,-296.6,11.7,5.09
4_1s03_A_S000015,-295.8,6.1,3.85
4_1s03_A_S000016,-300.7,5.4,3.67
4_1s03_A_S000017,-296.3,8.5,3.63
4_1s03_A_S000018,-309.3,6.6,2.82
4_1s03_A_S000019,-291.2,6.0,4.20
4_1s03_A_S000020,-299.9,5.2,3.22
5_1s03_A_S000001,-287.0,13.3,3.87
5_1s03_A_S000002,-287.6,7.6,3.97
5_1s03_A_S000003,-303.4,15.0,4.41
5_1s03_A_S000004,-295.7,5.5,2.78
5_1s03_A_S000005,-289.5,14.7,3.88
5_1s03_A_S000006,-299.5,9.5,3.50
5_1s03_A_S000007,-296.7,10.1,3.46
5_1s03_A_S000008,-296.5,5.3,3.93
5_1s03_A_S000009,-295.0,5.5,3.86
5_1s03_A_S000010,-307.8,8.6,3.13
5_1s03_A_S000011,-302.3,5.7,3.79
5_1s03_A_S000012,-300.6,5.4,3.15
5_1s03_A_S000013,-301.5,6.9,4.13
5_1s03_A_S000014,-297.0,5.5,3.54
5_1s03_A_S000015,-301.9,5.0,4.64
5_1s03_A_S000016,-298.6,9.0,4.03
5_1s03_A_S000017,-299.2,6.0,3.68
5_1s03_A_S000018,-297.2,5.4,4.38
5_1s03_A_S000019,-297.6,5.5,3.35
5_1s03_A_S000020,-299.8,5.2,3.29
6_1s03_A_S000001,-289.4,6.5,3.44
6_1s03_A_S000002,-294.5,8.1,3.16
6_1s03_A_S000003,-303.8,6.5,3.93
6_1s03_A_S000004,-296.8,10.7,3.88
6_1s03_A_S000005,-308.6,4.9,3.19
6_1s03_A_S000006,-295.4,7.9,4.42
6_1s03_A_S000007,-298.2,10.4,3.72
6_1s03_A_S000008,-301.3,15.3,3.62
6_1s03_A_S000009,-300.2,4.6,3.86
6_1s03_A_S000010,-296.0,8.1,3.80
6_1s03_A_S000011,-296.0,6.1,3.33
6_1s03_A_S000012,-299.8,7.4,3.45
6_1s03_A_S000013,-298.0,5.0,3.62
6_1s03_A_S000014,-307.3,8.0,3.28
6_1s03_A_S000015,-300.1,8.4,4.77
6_1s03_A_S000016,-298.3,12.7,4.81
6_1s03_A_S000017,-298.8,16.2,3.71
6_1s03_A_S000018,-299.0,5.7,4.66
6_1s03_A_S000019,-298.8,5.8,4.45
6_1s03_A_S000020,-301.1,7.3,3.38
7_1s03_A_S000001,-297.9,6.5,3.49
7_1s03_A_S000002,-294.7,10.4,3.30
7_1s03_A_S000003,-281.1,10.9,4.13
7_1s03_A_S000004,-297.7,6.6,4.20
7_1s03_A_S000005,-293.7,8.3,3.98
7_1s03_A_S000006,-299.7,4.6,3.50
7_1s03_A_S000007,-296.0,4.7,3.89
7_1s03_A_S000008,-300.0,3.1,3.86
7_1s03_A_S000009,-308.3,9.1,3.49
7_1s03_A_S000010,-295.3,7.9,4.21
7_1s03_A_S000011,-296.3,6.6,3.70
7_1s03_A_S000012,-296.1,5.8,4.00
7_1s03_A_S000013,-297.5,5.8,2.99
7_1s03_A_S000014,-296.9,10.9,3.78
7_1s03_A_S000015,-299.3,7.4,3.72
7_1s03_A_S000016,-305.2,4.0,4.31
7_1s03_A_S000017,-285.4,13.0,4.05
7_1s03_A_S000018,-303.8,4.1,3.56
7_1s03_A_S000019,-300.8,4.1,4.03
7_1s03_A_S000020,-300.6,9.5,3.69
8_1s03_A_S000001,-285.2,8.0,4.51
8_1s03_A_S000002,-297.7,6.3,3.54
8_1s03_A_S000003,-302.4,4.0,3.34
8_1s03_A_S000004,-299.7,9.9,3.09
8_1s03_A_S000005,-303.0,7.7,3.74
8_1s03_A_S000006,-301.8,5.1,4.12
8_1s03_A_S000007,-300.5,12.4,3.58
8_1s03_A_S000008,-287.6,5.9,4.78
8_1s03_A_S000009,-301.7,5.6,4.34
8_1s03_A_S000010,-299.7,3.1,3.51
8_1s03_A_S000011,-306.6,10.7,3.60
8_1s03_A_S000012,-299.1,8.2,3.68
8_1s03_A_S000013,-298.2,6.7,4.25
8_1s03_A_S000014,-304.0,1.2,4.44
8_1s03_A_S000015,-283.0,6.9,4.33
8_1s03_A_S000016,-307.0,7.6,3.13
8_1s03_A_S000017,-302.5,3.5,3.68
8_1s03_A_S000018,-310.5,8.6,2.96
8_1s03_A_S000019,-300.0,8.3,4.28
8_1s03_A_S000020,-297.5,7.5,3.45
9_1s03_A_S000001,-290.5,8.2,2.67
9_1s03_A_S000002,-295.1,6.4,3.43
9_1s03_A_S000003,-300.8,11.2,3.01
9_1s03_A_S000004,-302.8,6.9,3.44
9_1s03_A_S000005,-291.8,9.2,4.30
9_1s03_A_S000006,-302.2,8.8,3.44
9_1s03_A_S000007,-297.8,8.8,4.95
9_1s03_A_S000008,-303.1,7.1,3.42
9_1s03_A_S000009,-301.3,10.8,3.20
9_1s03_A_S000010,-298.7,5.2,3.38
9_1s03_A_S000011,-305.4,4.8,3.45
9_1s03_A_S000012,-301.0,3.8,3.40
9_1s03_A_S000013,-300.6,11.1,3.16
9_1s03_A_S000014,-306.1,4.2,3.51
9_1s03_A_S000015,-287.5,5.9,4.31
9_1s03_A_S000016,-302.8,6.4,5.81
9_1s03_A_S000017,-306.0,6.0,4.09
9_1s03_A_S000018,-301.2,5.8,3.39
9_1s03_A_S000019,-304.5,7.1,3.19
9_1s03_A_S000020,-302.9,5.0,3.14
