0_2qus_A_S000001,-408.6,3.9,17.10
0_2qus_A_S000002,-378.9,3.8,18.35
0_2qus_A_S000003,-390.8,5.9,15.89
0_2qus_A_S000004,-391.5,4.0,18.86
0_2qus_A_S000005,-395.9,3.7,18.91
0_2qus_A_S000006,-394.1,3.7,7.40
0_2qus_A_S000007,-395.6,9.0,18.10
0_2qus_A_S000008,-405.8,7.5,14.57
0_2qus_A_S000009,-408.0,4.7,17.57
0_2qus_A_S000010,-395.8,4.1,9.43
0_2qus_A_S000011,-411.3,4.1,10.98
0_2qus_A_S000012,-395.0,5.7,17.02
0_2qus_A_S000013,-392.7,4.4,15.34
0_2qus_A_S000014,-405.8,3.7,17.26
0_2qus_A_S000015,-394.3,3.7,18.84
0_2qus_A_S000016,-405.2,5.3,12.03
0_2qus_A_S000017,-398.7,4.9,16.96
0_2qus_A_S000018,-390.2,5.2,17.33
0_2qus_A_S000019,-395.1,3.9,17.30
0_2qus_A_S000020,-393.3,5.1,19.88
1_2qus_A_S000001,-367.3,4.0,19.67
1_2qus_A_S000002,-390.4,4.4,18.10
1_2qus_A_S000003,-388.7,3.8,18.42
1_2qus_A_S000004,-389.1,3.7,17.86
1_2qus_A_S000005,-390.7,5.5,20.52
1_2qus_A_S000006,-389.0,5.3,17.16
1_2qus_A_S000007,-394.2,5.3,22.10
1_2qus_A_S000008,-379.6,5.3,18.66
1_2qus_A_S000009,-402.4,3.9,19.74
1_2qus_A_S000010,-391.1,5.4,17.57
1_2qus_A_S000011,-388.4,4.3,9.15
1_2qus_A_S000012,-371.1,5.8,20.28
1_2qus_A_S000013,-401.3,7.4,18.26
1_2qus_A_S000014,-393.0,4.0,16.65
1_2qus_A_S000015,-392.2,3.7,18.87
1_2qus_A_S000016,-385.8,5.0,20.94
1_2qus_A_S000017,-397.1,4.3,16.55
1_2qus_A_S000018,-410.6,4.0,9.63
1_2qus_A_S000019,-387.1,4.4,8.99
1_2qus_A_S000020,-397.9,7.3,20.44
2_2qus_A_S000001,-366.4,5.0,14.63
2_2qus_A_S000002,-372.1,10.9,16.59
2_2qus_A_S000003,-398.9,5.5,18.14
2_2qus_A_S000004,-401.9,3.9,17.05
2_2qus_A_S000005,-382.3,4.3,14.76
2_2qus_A_S000006,-388.5,3.8,17.65
2_2qus_A_S000007,-401.9,4.0,20.23
2_2qus_A_S000008,-389.9,3.7,12.27
2_2qus_A_S000009,-393.6,3.8,19.32
2_2qus_A_S000010,-405.2,4.0,18.42
2_2qus_A_S000011,-394.4,3.7,14.34
2_2qus_A_S000012,-337.3,19.4,19.35
2_2qus_A_S000013,-403.2,4.1,16.04
2_2qus_A_S000014,-406.6,3.7,15.46
2_2qus_A_S000015,-398.2,5.1,18.57
2_2qus_A_S000016,-394.4,4.2,18.73
2_2qus_A_S000017,-396.8,3.7,16.53
2_2qus_A_S000018,-391.1,6.6,17.59
2_2qus_A_S000019,-399.6,4.3,18.74
2_2qus_A_S000020,-394.9,11.7,16.92
3_2qus_A_S000001,-359.2,10.3,19.48
3_2qus_A_S000002,-392.1,8.3,16.07
3_2qus_A_S000003,-396.0,7.6,13.98
3_2qus_A_S000004,-378.0,9.1,16.11
3_2qus_A_S000005,-399.1,3.9,17.12
3_2qus_A_S000006,-389.5,5.1,21.56
3_2qus_A_S000007,-397.2,3.7,19.82
3_2qus_A_S000008,-412.4,6.7,17.91
3_2qus_A_S000009,-400.5,7.7,18.42
3_2qus_A_S000010,-401.8,3.8,15.98
3_2qus_A_S000011,-366.9,6.4,17.58
3_2qus_A_S000012,-406.0,4.8,11.74
3_2qus_A_S000013,-377.0,7.4,14.17
3_2qus_A_S000014,-394.6,4.1,14.27
3_2qus_A_S000015,-380.4,11.1,20.41
3_2qus_A_S000016,-405.3,4.2,16.88
3_2qus_A_S000017,-385.5,5.6,18.54
3_2qus_A_S000018,-389.8,3.8,19.92
3_2qus_A_S000019,-395.5,3.7,11.85
3_2qus_A_S000020,-396.6,3.9,20.56
4_2qus_A_S000001,-363.6,4.9,18.49
4_2qus_A_S000002,-381.8,15.6,17.07
4_2qus_A_S000003,-394.2,3.7,20.27
4_2qus_A_S000004,-383.9,6.3,21.04
4_2qus_A_S000005,-386.2,5.4,15.32
4_2qus_A_S000006,-385.9,5.6,20.39
4_2qus_A_S000007,-392.5,3.9,16.21
4_2qus_A_S000008,-388.1,3.7,9.43
4_2qus_A_S000009,-392.9,3.7,14.99
4_2qus_A_S000010,-389.8,3.9,20.55
4_2qus_A_S000011,-397.7,3.7,11.93
4_2qus_A_S000012,-393.0,3.8,12.45
4_2qus_A_S000013,-397.8,3.7,11.36
4_2qus_A_S000014,-394.5,4.2,13.54
4_2qus_A_S000015,-394.7,3.7,14.51
4_2qus_A_S000016,-395.2,3.7,19.17
4_2qus_A_S000017,-390.8,5.3,16.23
4_2qus_A_S000018,-393.1,4.1,19.33
4_2qus_A_S000019,-346.2,22.3,18.48
4_2qus_A_S000020,-392.0,4.5,20.31
5_2qus_A_S000001,-368.5,4.8,18.73
5_2qus_A_S000002,-387.0,7.9,17.58
5_2qus_A_S000003,-377.3,4.0,15.03
5_2qus_A_S000004,-382.6,12.6,19.60
5_2qus_A_S000005,-398.6,11.2,18.37
5_2qus_A_S000006,-356.4,16.0,17.46
5_2qus_A_S000007,-392.6,3.7,20.53
5_2qus_A_S000008,-398.8,4.3,18.81
5_2qus_A_S000009,-383.0,7.3,11.38
5_2qus_A_S000010,-389.4,3.7,18.13
5_2qus_A_S000011,-398.3,3.7,16.04
5_2qus_A_S000012,-394.7,3.7,16.07
5_2qus_A_S000013,-390.1,3.7,7.12
5_2qus_A_S000014,-392.8,4.5,17.20
5_2qus_A_S000015,-395.5,3.7,18.28
5_2qus_A_S000016,-401.7,4.7,13.90
5_2qus_A_S000017,-396.7,5.2,10.20
5_2qus_A_S000018,-391.6,8.8,12.80
5_2qus_A_S000019,-411.2,4.1,18.13
5_2qus_A_S000020,-394.2,4.2,18.11
6_2qus_A_S000001,-372.7,4.5,20.06
6_2qus_A_S000002,-379.7,5.2,18.80
6_2qus_A_S000003,-389.7,7.6,17.24
6_2qus_A_S000004,-389.5,4.5,6.93
6_2qus_A_S000005,-404.1,5.4,17.31
6_2qus_A_S000006,-388.8,3.8,20.90
6_2qus_A_S000007,-393.6,5.7,18.96
6_2qus_A_S000008,-396.6,7.3,21.56
6_2qus_A_S000009,-411.0,3.7,20.38
6_2qus_A_S000010,-392.1,3.9,14.35
6_2qus_A_S000011,-394.9,4.0,13.99
6_2qus_A_S000012,-401.5,4.3,20.93
6_2qus_A_S000013,-404.6,3.8,11.91
6_2qus_A_S000014,-359.1,3.7,16.52
6_2qus_A_S000015,-400.9,3.7,17.60
6_2qus_A_S000016,-407.1,3.7,13.34
6_2qus_A_S000017,-396.3,3.7,18.61
6_2qus_A_S000018,-396.9,3.7,16.77
6_2qus_A_S000019,-395.6,4.3,21.21
6_2qus_A_S000020,-395.3,3.7,20.34
7_2qus_A_S000001,-379.9,4.5,17.18
7_2qus_A_S000002,-383.6,4.8,20.97
7_2qus_A_S000003,-395.4,6.1,9.67
7_2qus_A_S000004,-383.7,4.4,17.09
7_2qus_A_S000005,-403.1,3.7,9.56
7_2qus_A_S000006,-396.2,4.4,20.01
7_2qus_A_S000007,-398.7,4.9,17.64
7_2qus_A_S000008,-395.5,4.4,19.95
7_2qus_A_S000009,-401.3,3.7,18.00
7_2qus_A_S000010,-403.2,3.7,18.19
7_2qus_A_S000011,-406.6,3.7,12.04
7_2qus_A_S000012,-404.5,3.7,15.25
7_2qus_A_S000013,-407.7,3.7,13.46
7_2qus_A_S000014,-363.2,15.0,18.29
7_2qus_A_S000015,-382.6,4.3,15.69
7_2qus_A_S000016,-393.0,6.7,19.82
7_2qus_A_S000017,-412.5,4.5,17.39
7_2qus_A_S000018,-399.7,4.3,9.41
7_2qus_A_S000019,-396.5,5.6,21.63
7_2qus_A_S000020,-414.1,3.7,20.15
8_2qus_A_S000001,-369.6,5.2,17.88
8_2qus_A_S000002,-382.9,5.5,15.96
8_2qus_A_S000003,-390.9,3.7,19.02
8_2qus_A_S000004,-384.3,3.7,18.97
8_2qus_A_S000005,-398.2,3.8,10.03
8_2qus_A_S000006,-387.5,4.0,19.21
8_2qus_A_S000007,-406.7,4.4,18.54
8_2qus_A_S000008,-391.8,9.7,17.95
8_2qus_A_S000009,-391.9,3.7,8.28
8_2qus_A_S000010,-381.7,5.5,19.32
8_2qus_A_S000011,-390.9,9.9,18.32
8_2qus_A_S000012,-391.4,6.0,18.72
8_2qus_A_S000013,-391.6,9.0,17.21
8_2qus_A_S000014,-387.8,3.7,18.81
8_2qus_A_S000015,-391.8,4.5,19.34
8_2qus_A_S000016,-395.8,5.4,12.86
8_2qus_A_S000017,-391.5,7.0,18.07
8_2qus_A_S000018,-391.7,3.8,14.50
8_2qus_A_S000019,-397.5,4.1,18.75
8_2qus_A_S000020,-390.6,3.7,8.00
9_2qus_A_S000001,-383.1,5.2,16.49
9_2qus_A_S000002,-404.6,3.7,19.73
9_2qus_A_S000003,-394.1,4.0,11.93
9_2qus_A_S000004,-396.2,4.7,17.50
9_2qus_A_S000005,-400.2,3.7,19.84
9_2qus_A_S000006,-364.1,4.4,18.87
9_2qus_A_S000007,-390.7,4.5,17.38
9_2qus_A_S000008,-378.4,7.6,19.58
9_2qus_A_S000009,-394.4,3.7,14.84
9_2qus_A_S000010,-402.5,4.3,15.71
9_2qus_A_S000011,-394.0,3.9,19.66
9_2qus_A_S000012,-402.9,3.7,21.36
9_2qus_A_S000013,-394.0,9.0,19.75
9_2qus_A_S000014,-403.1,4.5,15.76
9_2qus_A_S000015,-391.9,3.7,18.20
9_2qus_A_S000016,-391.8,3.7,17.27
9_2qus_A_S000017,-393.7,7.2,15.81
9_2qus_A_S000018,-397.2,4.2,16.49
9_2qus_A_S000019,-397.7,7.6,17.93
9_2qus_A_S000020,-401.7,3.7,15.13
