0_3oww_A_S000001,-469.8,18.5,20.83
0_3oww_A_S000002,-540.1,13.0,9.86
0_3oww_A_S000003,-523.2,12.5,14.79
0_3oww_A_S000004,-515.5,13.7,16.52
0_3oww_A_S000005,-456.9,22.6,17.44
0_3oww_A_S000006,-447.8,11.9,15.30
0_3oww_A_S000007,-477.8,13.0,17.16
0_3oww_A_S000008,-494.7,12.1,14.55
0_3oww_A_S000009,-516.9,7.6,10.29
0_3oww_A_S000010,-504.1,15.6,12.91
0_3oww_A_S000011,-506.2,8.0,12.19
0_3oww_A_S000012,-497.7,8.8,24.30
0_3oww_A_S000013,-498.9,2.4,14.78
0_3oww_A_S000014,-501.6,14.0,14.46
0_3oww_A_S000015,-496.2,20.3,14.71
0_3oww_A_S000016,-502.6,15.9,16.98
0_3oww_A_S000017,-501.3,11.9,14.80
0_3oww_A_S000018,-497.4,13.6,18.56
0_3oww_A_S000019,-499.7,14.9,19.01
0_3oww_A_S000020,-501.0,11.2,16.80
1_3oww_A_S000001,-454.4,23.7,19.69
1_3oww_A_S000002,-512.2,16.2,15.78
1_3oww_A_S000003,-485.7,14.1,16.07
1_3oww_A_S000004,-488.9,10.1,15.03
1_3oww_A_S000005,-496.0,15.5,17.14
1_3oww_A_S000006,-496.1,13.5,10.31
1_3oww_A_S000007,-497.7,19.9,15.21
1_3oww_A_S000008,-498.9,21.2,18.47
1_3oww_A_S000009,-495.4,8.4,14.54
1_3oww_A_S000010,-501.9,14.2,14.80
1_3oww_A_S000011,-503.6,2.0,15.97
1_3oww_A_S000012,-499.8,13.3,22.46
1_3oww_A_S000013,-503.4,7.9,16.81
1_3oww_A_S000014,-459.6,4.5,22.73
1_3oww_A_S000015,-443.6,22.0,15.83
1_3oww_A_S000016,-514.1,16.0,11.04
1_3oww_A_S000017,-501.5,20.4,20.48
1_3oww_A_S000018,-505.1,12.3,9.14
1_3oww_A_S000019,-499.6,13.0,10.70
1_3oww_A_S000020,-498.8,7.5,22.48
2_3oww_A_S000001,-455.2,6.1,12.21
2_3oww_A_S000002,-473.2,8.7,10.99
2_3oww_A_S000003,-463.6,10.4,12.38
2_3oww_A_S000004,-496.8,14.9,16.27
2_3oww_A_S000005,-485.8,28.6,19.69
2_3oww_A_S000006,-518.2,15.3,22.02
2_3oww_A_S000007,-499.0,20.4,16.77
2_3oww_A_S000008,-495.1,11.8,12.50
2_3oww_A_S000009,-495.9,10.4,15.67
2_3oww_A_S000010,-444.3,17.6,8.72
2_3oww_A_S000011,-487.1,13.8,17.11
2_3oww_A_S000012,-494.1,10.6,21.03
2_3oww_A_S000013,-490.1,11.7,20.67
2_3oww_A_S000014,-504.1,14.5,18.79
2_3oww_A_S000015,-487.3,22.9,17.32
2_3oww_A_S000016,-491.4,16.6,11.28
2_3oww_A_S000017,-506.4,7.3,22.31
2_3oww_A_S000018,-491.1,15.5,23.28
2_3oww_A_S000019,-492.7,15.4,16.85
2_3oww_A_S000020,-493.4,5.4,18.44
3_3oww_A_S000001,-497.9,17.7,20.29
3_3oww_A_S000002,-509.8,10.9,21.05
3_3oww_A_S000003,-485.0,12.3,22.99
3_3oww_A_S000004,-498.2,15.9,16.48
3_3oww_A_S000005,-484.4,15.8,15.21
3_3oww_A_S000006,-498.5,14.1,20.72
3_3oww_A_S000007,-481.8,13.9,21.06
3_3oww_A_S000008,-490.4,17.6,23.67
3_3oww_A_S000009,-514.1,11.8,19.35
3_3oww_A_S000010,-491.8,12.8,13.44
3_3oww_A_S000011,-489.3,10.7,20.17
3_3oww_A_S000012,-492.9,10.5,17.63
3_3oww_A_S000013,-497.2,14.8,20.74
3_3oww_A_S000014,-503.7,13.0,13.36
3_3oww_A_S000015,-510.2,16.8,14.53
3_3oww_A_S000016,-487.0,11.4,10.96
3_3oww_A_S000017,-500.7,13.2,14.36
3_3oww_A_S000018,-499.5,11.8,16.23
3_3oww_A_S000019,-490.4,10.6,13.47
3_3oww_A_S000020,-487.9,10.6,17.03
4_3oww_A_S000001,-480.5,14.2,9.73
4_3oww_A_S000002,-494.6,16.2,12.20
4_3oww_A_S000003,-494.4,11.0,15.61
4_3oww_A_S000004,-492.9,16.8,16.98
4_3oww_A_S000005,-508.5,15.5,15.72
4_3oww_A_S000006,-514.2,11.3,14.70
4_3oww_A_S000007,-488.6,19.0,20.61
4_3oww_A_S000008,-495.1,16.5,17.57
4_3oww_A_S000009,-488.7,11.8,16.36
4_3oww_A_S000010,-496.3,16.8,21.47
4_3oww_A_S000011,-504.8,10.9,20.22
4_3oww_A_S000012,-478.5,18.7,16.68
4_3oww_A_S000013,-499.1,19.9,19.60
4_3oww_A_S000014,-489.1,18.3,19.65
4_3oww_A_S000015,-495.1,9.3,18.81
4_3oww_A_S000016,-517.3,16.0,21.52
4_3oww_A_S000017,-491.5,10.4,7.05
4_3oww_A_S000018,-493.0,22.2,19.43
4_3oww_A_S000019,-500.5,15.9,16.97
4_3oww_A_S000020,-490.5,7.1,21.30
5_3oww_A_S000001,-506.3,19.5,7.26
5_3oww_A_S000002,-483.2,13.7,11.80
5_3oww_A_S000003,-490.7,14.2,10.16
5_3oww_A_S000004,-504.3,12.8,14.76
5_3oww_A_S000005,-472.5,20.8,10.68
5_3oww_A_S000006,-494.2,9.0,15.95
5_3oww_A_S000007,-490.2,12.9,17.06
5_3oww_A_S000008,-513.9,4.1,21.02
5_3oww_A_S000009,-468.9,17.8,14.12
5_3oww_A_S000010,-505.0,11.6,15.32
5_3oww_A_S000011,-491.5,14.4,21.84
5_3oww_A_S000012,-489.8,12.4,16.91
5_3oww_A_S000013,-495.7,9.4,20.93
5_3oww_A_S000014,-490.9,16.0,20.23
5_3oww_A_S000015,-493.7,8.3,15.45
5_3oww_A_S000016,-449.6,20.5,16.58
5_3oww_A_S000017,-498.3,13.6,17.53
5_3oww_A_S000018,-508.0,11.9,19.86
5_3oww_A_S000019,-491.6,19.0,7.79
5_3oww_A_S000020,-502.6,12.6,19.42
6_3oww_A_S000001,-489.4,13.1,18.21
6_3oww_A_S000002,-493.8,19.7,9.25
6_3oww_A_S000003,-460.1,14.3,13.17
6_3oww_A_S000004,-486.3,10.1,12.79
6_3oww_A_S000005,-486.4,16.4,15.47
6_3oww_A_S000006,-489.3,25.0,13.66
6_3oww_A_S000007,-488.0,25.3,20.44
6_3oww_A_S000008,-498.3,14.0,19.58
6_3oww_A_S000009,-484.6,13.0,18.25
6_3oww_A_S000010,-489.7,15.9,12.10
6_3oww_A_S000011,-473.8,14.8,11.76
6_3oww_A_S000012,-487.7,25.0,14.56
6_3oww_A_S000013,-485.2,12.8,13.44
6_3oww_A_S000014,-488.0,14.3,20.61
6_3oww_A_S000015,-489.7,10.9,20.89
6_3oww_A_S000016,-486.7,15.8,21.70
6_3oww_A_S000017,-443.4,18.8,12.22
6_3oww_A_S000018,-507.6,13.2,15.14
6_3oww_A_S000019,-484.1,15.4,17.56
6_3oww_A_S000020,-493.0,15.4,25.51
7_3oww_A_S000001,-434.4,9.6,15.03
7_3oww_A_S000002,-504.6,13.8,14.07
7_3oww_A_S000003,-490.0,15.8,12.76
7_3oww_A_S000004,-497.5,15.5,18.18
7_3oww_A_S000005,-487.7,17.2,17.37
7_3oww_A_S000006,-488.4,12.2,12.82
7_3oww_A_S000007,-496.0,22.9,21.84
7_3oww_A_S000008,-506.2,21.0,19.14
7_3oww_A_S000009,-492.4,13.1,10.88
7_3oww_A_S000010,-517.7,14.5,17.53
7_3oww_A_S000011,-500.1,12.6,16.14
7_3oww_A_S000012,-471.5,18.8,15.77
7_3oww_A_S000013,-493.3,12.2,13.58
7_3oww_A_S000014,-490.2,16.6,13.92
7_3oww_A_S000015,-489.1,14.6,14.77
7_3oww_A_S000016,-498.9,11.0,9.69
7_3oww_A_S000017,-488.0,15.8,6.31
7_3oww_A_S000018,-491.4,10.9,18.56
7_3oww_A_S000019,-495.3,18.6,22.73
7_3oww_A_S000020,-490.4,15.1,15.47
8_3oww_A_S000001,-465.4,12.7,18.68
8_3oww_A_S000002,-477.4,11.7,19.43
8_3oww_A_S000003,-505.5,12.0,13.98
8_3oww_A_S000004,-487.4,19.5,18.51
8_3oww_A_S000005,-492.2,13.0,22.66
8_3oww_A_S000006,-492.9,15.7,17.14
8_3oww_A_S000007,-488.5,11.9,17.44
8_3oww_A_S000008,-512.0,12.0,18.55
8_3oww_A_S000009,-489.0,12.6,18.03
8_3oww_A_S000010,-492.8,9.1,23.13
8_3oww_A_S000011,-494.1,12.1,14.07
8_3oww_A_S000012,-491.2,18.3,19.01
8_3oww_A_S000013,-494.5,10.1,15.71
8_3oww_A_S000014,-487.9,13.9,22.57
8_3oww_A_S000015,-475.0,10.4,14.37
8_3oww_A_S000016,-493.6,11.4,22.05
8_3oww_A_S000017,-506.0,9.4,5.28
8_3oww_A_S000018,-506.6,14.6,21.33
8_3oww_A_S000019,-485.0,12.1,9.44
8_3oww_A_S000020,-486.4,16.3,21.31
9_3oww_A_S000001,-467.4,14.2,18.47
9_3oww_A_S000002,-500.5,15.3,12.46
9_3oww_A_S000003,-505.7,15.7,12.13
9_3oww_A_S000004,-490.7,12.0,18.69
9_3oww_A_S000005,-516.5,12.3,14.91
9_3oww_A_S000006,-492.0,13.8,17.30
9_3oww_A_S000007,-496.4,13.6,20.74
9_3oww_A_S000008,-426.0,11.5,18.30
9_3oww_A_S000009,-498.7,7.9,21.88
9_3oww_A_S000010,-498.0,9.6,8.77
9_3oww_A_S000011,-490.0,11.5,19.96
9_3oww_A_S000012,-497.1,14.4,14.32
9_3oww_A_S000013,-503.2,13.8,19.31
9_3oww_A_S000014,-496.3,12.1,9.07
9_3oww_A_S000015,-500.8,8.1,24.06
9_3oww_A_S000016,-499.3,12.9,20.18
9_3oww_A_S000017,-492.7,11.3,12.08
9_3oww_A_S000018,-503.0,12.1,21.09
9_3oww_A_S000019,-513.2,13.7,12.67
9_3oww_A_S000020,-510.4,13.3,11.78
