0_3pdr_A_S000001,-831.9,63.3,40.78
0_3pdr_A_S000002,-887.1,56.4,39.24
0_3pdr_A_S000003,-809.9,89.7,26.38
0_3pdr_A_S000004,-838.3,65.6,35.09
0_3pdr_A_S000005,-792.0,111.4,32.14
0_3pdr_A_S000006,-836.5,46.0,41.78
0_3pdr_A_S000007,-837.1,92.9,25.67
0_3pdr_A_S000008,-848.2,57.9,38.63
0_3pdr_A_S000009,-854.3,33.3,28.83
0_3pdr_A_S000010,-847.7,56.2,25.23
0_3pdr_A_S000011,-856.1,61.3,39.39
0_3pdr_A_S000012,-844.2,65.5,37.29
0_3pdr_A_S000013,-839.1,86.3,29.51
0_3pdr_A_S000014,-822.9,106.0,36.82
0_3pdr_A_S000015,-863.7,61.8,34.61
0_3pdr_A_S000016,-841.4,71.9,36.16
0_3pdr_A_S000017,-845.3,97.6,35.95
0_3pdr_A_S000018,-869.4,59.4,24.95
0_3pdr_A_S000019,-848.2,39.7,39.28
0_3pdr_A_S000020,-863.5,54.3,22.21
1_3pdr_A_S000001,-826.1,73.6,39.93
1_3pdr_A_S000002,-842.1,80.0,20.83
1_3pdr_A_S000003,-858.7,72.6,29.10
1_3pdr_A_S000004,-819.7,51.7,32.43
1_3pdr_A_S000005,-828.7,51.0,36.65
1_3pdr_A_S000006,-855.1,42.7,28.93
1_3pdr_A_S000007,-834.9,83.6,37.17
1_3pdr_A_S000008,-878.0,33.8,27.50
1_3pdr_A_S000009,-861.7,52.2,35.01
1_3pdr_A_S000010,-758.6,125.9,32.59
1_3pdr_A_S000011,-849.1,66.1,28.13
1_3pdr_A_S000012,-850.0,60.4,32.76
1_3pdr_A_S000013,-835.2,71.4,36.33
1_3pdr_A_S000014,-850.4,44.0,31.57
1_3pdr_A_S000015,-846.2,66.9,23.93
1_3pdr_A_S000016,-839.7,42.3,26.90
1_3pdr_A_S000017,-777.0,127.0,38.28
1_3pdr_A_S000018,-763.7,115.6,25.94
1_3pdr_A_S000019,-838.9,77.6,35.32
1_3pdr_A_S000020,-865.5,40.0,33.98
2_3pdr_A_S000001,-822.5,62.5,27.34
2_3pdr_A_S000002,-866.5,74.4,34.32
2_3pdr_A_S000003,-723.5,115.5,30.66
2_3pdr_A_S000004,-838.3,49.1,29.27
2_3pdr_A_S000005,-861.9,57.8,34.10
2_3pdr_A_S000006,-809.7,117.3,34.97
2_3pdr_A_S000007,-846.8,56.7,37.14
2_3pdr_A_S000008,-840.0,59.3,32.89
2_3pdr_A_S000009,-840.0,65.2,33.77
2_3pdr_A_S000010,-838.7,54.4,42.49
2_3pdr_A_S000011,-840.2,76.8,31.14
2_3pdr_A_S000012,-858.5,47.9,32.07
2_3pdr_A_S000013,-751.4,88.8,28.67
2_3pdr_A_S000014,-858.4,67.4,31.12
2_3pdr_A_S000015,-852.1,55.2,41.03
2_3pdr_A_S000016,-861.8,46.9,27.46
2_3pdr_A_S000017,-841.4,65.8,26.79
2_3pdr_A_S000018,-796.8,93.2,27.85
2_3pdr_A_S000019,-874.4,40.9,36.60
2_3pdr_A_S000020,-853.5,44.4,36.46
3_3pdr_A_S000001,-791.6,70.7,33.24
3_3pdr_A_S000002,-786.0,68.4,28.32
3_3pdr_A_S000003,-795.5,93.4,29.16
3_3pdr_A_S000004,-852.1,29.0,21.34
3_3pdr_A_S000005,-833.0,71.1,31.58
3_3pdr_A_S000006,-831.6,55.9,33.38
3_3pdr_A_S000007,-851.6,66.7,29.14
3_3pdr_A_S000008,-792.3,95.9,28.93
3_3pdr_A_S000009,-854.2,34.4,30.43
3_3pdr_A_S000010,-781.8,122.3,26.48
3_3pdr_A_S000011,-830.2,83.3,38.25
3_3pdr_A_S000012,-831.2,59.4,34.70
3_3pdr_A_S000013,-753.2,75.3,29.17
3_3pdr_A_S000014,-854.4,51.4,42.75
3_3pdr_A_S000015,-844.6,49.5,27.11
3_3pdr_A_S000016,-892.3,66.3,27.99
3_3pdr_A_S000017,-841.9,50.6,45.40
3_3pdr_A_S000018,-826.9,64.9,34.63
3_3pdr_A_S000019,-835.9,62.8,39.88
3_3pdr_A_S000020,-838.7,69.4,35.67
4_3pdr_A_S000001,-808.7,59.6,37.76
4_3pdr_A_S000002,-814.5,62.3,30.46
4_3pdr_A_S000003,-819.6,70.3,29.74
4_3pdr_A_S000004,-871.6,66.7,32.61
4_3pdr_A_S000005,-823.9,69.6,42.41
4_3pdr_A_S000006,-857.6,62.9,20.42
4_3pdr_A_S000007,-847.4,39.1,32.83
4_3pdr_A_S000008,-823.5,73.7,24.43
4_3pdr_A_S000009,-880.5,56.3,32.53
4_3pdr_A_S000010,-844.0,47.7,33.67
4_3pdr_A_S000011,-848.6,48.8,43.25
4_3pdr_A_S000012,-856.2,26.6,39.73
4_3pdr_A_S000013,-854.1,54.4,28.96
4_3pdr_A_S000014,-815.2,105.6,34.26
4_3pdr_A_S000015,-845.9,82.9,26.80
4_3pdr_A_S000016,-748.2,82.8,39.90
4_3pdr_A_S000017,-849.2,42.7,44.04
4_3pdr_A_S000018,-859.3,54.8,28.63
4_3pdr_A_S000019,-868.8,36.4,36.13
4_3pdr_A_S000020,-850.5,19.7,30.39
5_3pdr_A_S000001,-790.4,91.4,27.02
5_3pdr_A_S000002,-803.7,65.2,22.43
5_3pdr_A_S000003,-857.5,60.2,28.32
5_3pdr_A_S000004,-834.0,71.5,34.07
5_3pdr_A_S000005,-837.1,59.2,43.05
5_3pdr_A_S000006,-822.5,80.1,23.29
5_3pdr_A_S000007,-856.6,67.1,34.55
5_3pdr_A_S000008,-879.4,48.4,31.36
5_3pdr_A_S000009,-846.8,66.8,42.75
5_3pdr_A_S000010,-852.7,56.9,40.30
5_3pdr_A_S000011,-842.2,91.2,26.50
5_3pdr_A_S000012,-842.9,66.0,25.62
5_3pdr_A_S000013,-564.0,118.0,28.62
5_3pdr_A_S000014,-861.4,73.3,31.98
5_3pdr_A_S000015,-838.8,78.7,24.09
5_3pdr_A_S000016,-581.1,98.5,33.43
5_3pdr_A_S000017,-804.5,77.8,26.76
5_3pdr_A_S000018,-732.0,147.5,37.14
5_3pdr_A_S000019,-797.1,70.4,26.02
5_3pdr_A_S000020,-850.5,38.2,26.34
6_3pdr_A_S000001,-856.1,65.4,32.29
6_3pdr_A_S000002,-840.5,77.3,33.50
6_3pdr_A_S000003,-840.7,80.2,33.73
6_3pdr_A_S000004,-881.6,54.2,36.61
6_3pdr_A_S000005,-842.2,47.5,33.53
6_3pdr_A_S000006,-864.0,52.7,35.83
6_3pdr_A_S000007,-863.5,71.4,41.08
6_3pdr_A_S000008,-844.1,65.5,35.25
6_3pdr_A_S000009,-854.4,54.9,29.33
6_3pdr_A_S000010,-879.0,41.4,32.25
6_3pdr_A_S000011,-868.7,62.8,35.83
6_3pdr_A_S000012,-846.2,55.8,37.95
6_3pdr_A_S000013,-857.1,36.5,31.08
6_3pdr_A_S000014,-823.2,47.9,28.33
6_3pdr_A_S000015,-851.4,44.9,26.68
6_3pdr_A_S000016,-846.2,66.5,31.41
6_3pdr_A_S000017,-788.6,108.3,20.50
6_3pdr_A_S000018,-576.2,115.2,22.53
6_3pdr_A_S000019,-859.1,67.5,38.13
6_3pdr_A_S000020,-850.9,67.1,30.41
7_3pdr_A_S000001,-790.1,87.1,36.50
7_3pdr_A_S000002,-840.2,61.2,33.79
7_3pdr_A_S000003,-859.2,69.0,40.28
7_3pdr_A_S000004,-865.6,57.5,32.50
7_3pdr_A_S000005,-622.4,91.7,25.96
7_3pdr_A_S000006,-850.5,75.8,27.80
7_3pdr_A_S000007,-860.8,75.3,29.82
7_3pdr_A_S000008,-855.2,48.0,29.79
7_3pdr_A_S000009,-868.8,67.6,29.87
7_3pdr_A_S000010,-876.0,72.0,31.27
7_3pdr_A_S000011,-861.0,68.1,21.59
7_3pdr_A_S000012,-871.0,52.7,39.04
7_3pdr_A_S000013,-867.6,80.7,27.12
7_3pdr_A_S000014,-887.4,26.1,34.77
7_3pdr_A_S000015,-900.5,42.8,26.56
7_3pdr_A_S000016,-865.3,47.7,31.11
7_3pdr_A_S000017,-849.8,61.3,25.34
7_3pdr_A_S000018,-856.1,63.1,26.89
7_3pdr_A_S000019,-577.3,112.8,19.63
7_3pdr_A_S000020,-603.8,70.6,31.87
8_3pdr_A_S000001,-837.8,56.7,37.91
8_3pdr_A_S000002,-844.8,76.3,28.46
8_3pdr_A_S000003,-849.9,58.2,35.93
8_3pdr_A_S000004,-874.2,59.7,27.59
8_3pdr_A_S000005,-871.0,71.4,41.32
8_3pdr_A_S000006,-797.3,88.9,29.88
8_3pdr_A_S000007,-542.6,102.8,23.84
8_3pdr_A_S000008,-864.8,38.1,40.55
8_3pdr_A_S000009,-644.2,63.4,27.72
8_3pdr_A_S000010,-839.7,70.9,26.91
8_3pdr_A_S000011,-865.9,45.5,28.12
8_3pdr_A_S000012,-841.0,72.5,28.24
8_3pdr_A_S000013,-852.6,57.7,28.50
8_3pdr_A_S000014,-826.9,80.3,23.41
8_3pdr_A_S000015,-839.7,66.2,36.22
8_3pdr_A_S000016,-847.5,51.0,35.39
8_3pdr_A_S000017,-841.9,51.6,33.78
8_3pdr_A_S000018,-846.2,48.8,26.62
8_3pdr_A_S000019,-863.7,36.7,33.36
8_3pdr_A_S000020,-850.6,68.1,27.55
9_3pdr_A_S000001,-766.9,95.0,23.98
9_3pdr_A_S000002,-768.6,105.3,39.20
9_3pdr_A_S000003,-863.0,43.3,31.92
9_3pdr_A_S000004,-801.8,63.6,45.28
9_3pdr_A_S000005,-848.0,70.4,32.04
9_3pdr_A_S000006,-869.2,40.1,32.29
9_3pdr_A_S000007,-864.7,52.6,38.72
9_3pdr_A_S000008,-572.7,133.8,20.65
9_3pdr_A_S000009,-882.7,39.8,39.18
9_3pdr_A_S000010,-875.4,70.3,18.95
9_3pdr_A_S000011,-846.8,67.7,25.01
9_3pdr_A_S000012,-874.3,29.5,40.76
9_3pdr_A_S000013,-848.7,70.7,35.10
9_3pdr_A_S000014,-857.4,72.9,32.72
9_3pdr_A_S000015,-791.9,120.9,34.26
9_3pdr_A_S000016,-874.7,42.8,35.44
9_3pdr_A_S000017,-564.0,119.3,25.04
9_3pdr_A_S000018,-560.5,136.3,16.42
9_3pdr_A_S000019,-846.9,69.5,24.47
9_3pdr_A_S000020,-845.7,46.3,39.19
