0_4frn_A_S000001,-464.9,22.7,21.75
0_4frn_A_S000002,-511.7,21.2,27.75
0_4frn_A_S000003,-514.4,8.2,22.22
0_4frn_A_S000004,-513.8,15.3,26.35
0_4frn_A_S000005,-518.2,23.3,27.35
0_4frn_A_S000006,-524.8,9.8,23.63
0_4frn_A_S000007,-530.6,5.3,29.41
0_4frn_A_S000008,-511.8,22.8,23.34
0_4frn_A_S000009,-505.6,8.5,26.56
0_4frn_A_S000010,-519.1,12.9,26.40
0_4frn_A_S000011,-529.6,10.9,26.75
0_4frn_A_S000012,-514.0,3.7,26.20
0_4frn_A_S000013,-514.4,8.6,28.92
0_4frn_A_S000014,-510.5,3.8,22.40
0_4frn_A_S000015,-515.3,11.2,22.33
0_4frn_A_S000016,-513.0,4.4,20.27
0_4frn_A_S000017,-511.9,4.8,23.45
0_4frn_A_S000018,-515.6,6.5,23.64
0_4frn_A_S000019,-513.8,17.3,25.01
0_4frn_A_S000020,-527.5,8.4,19.94
1_4frn_A_S000001,-483.3,8.2,31.61
1_4frn_A_S000002,-486.4,46.5,20.02
1_4frn_A_S000003,-489.7,5.0,24.74
1_4frn_A_S000004,-505.2,11.7,23.37
1_4frn_A_S000005,-524.5,5.9,30.44
1_4frn_A_S000006,-522.5,8.4,23.09
1_4frn_A_S000007,-529.1,12.5,29.70
1_4frn_A_S000008,-508.2,9.9,32.91
1_4frn_A_S000009,-515.7,6.0,27.33
1_4frn_A_S000010,-508.6,18.8,19.85
1_4frn_A_S000011,-519.8,5.4,21.25
1_4frn_A_S000012,-515.5,16.6,22.64
1_4frn_A_S000013,-511.7,2.4,25.85
1_4frn_A_S000014,-535.3,4.5,23.49
1_4frn_A_S000015,-514.4,10.8,33.84
1_4frn_A_S000016,-515.5,19.0,26.68
1_4frn_A_S000017,-484.7,6.3,27.05
1_4frn_A_S000018,-512.6,16.6,30.45
1_4frn_A_S000019,-509.9,13.6,23.38
1_4frn_A_S000020,-525.0,5.9,25.25
2_4frn_A_S000001,-531.1,7.7,25.29
2_4frn_A_S000002,-515.0,14.2,25.46
2_4frn_A_S000003,-527.4,4.3,23.67
2_4frn_A_S000004,-511.8,4.8,20.54
2_4frn_A_S000005,-513.2,15.5,24.13
2_4frn_A_S000006,-515.4,6.1,23.38
2_4frn_A_S000007,-515.5,11.1,22.19
2_4frn_A_S000008,-493.2,24.2,25.13
2_4frn_A_S000009,-527.3,4.5,23.35
2_4frn_A_S000010,-522.1,4.3,25.38
2_4frn_A_S000011,-519.4,6.5,26.38
2_4frn_A_S000012,-513.1,10.7,23.98
2_4frn_A_S000013,-518.8,10.1,26.55
2_4frn_A_S000014,-517.6,4.6,23.65
2_4frn_A_S000015,-515.4,11.8,24.35
2_4frn_A_S000016,-478.9,19.9,24.57
2_4frn_A_S000017,-515.3,5.5,28.35
2_4frn_A_S000018,-514.0,9.7,29.75
2_4frn_A_S000019,-517.0,7.6,20.74
2_4frn_A_S000020,-512.8,6.6,30.29
3_4frn_A_S000001,-500.0,15.4,25.46
3_4frn_A_S000002,-535.5,10.0,26.46
3_4frn_A_S000003,-501.7,9.4,26.41
3_4frn_A_S000004,-510.6,3.5,28.42
3_4frn_A_S000005,-523.7,4.0,27.79
3_4frn_A_S000006,-526.3,8.3,27.15
3_4frn_A_S000007,-529.2,17.4,21.23
3_4frn_A_S000008,-522.0,8.9,26.78
3_4frn_A_S000009,-493.8,13.6,24.64
3_4frn_A_S000010,-528.6,1.8,24.90
3_4frn_A_S000011,-512.4,13.9,23.85
3_4frn_A_S000012,-530.7,5.1,30.45
3_4frn_A_S000013,-516.7,3.6,26.50
3_4frn_A_S000014,-519.6,0.4,27.80
3_4frn_A_S000015,-511.5,20.6,27.97
3_4frn_A_S000016,-524.0,1.7,25.18
3_4frn_A_S000017,-527.1,2.4,25.23
3_4frn_A_S000018,-514.8,9.6,20.76
3_4frn_A_S000019,-566.3,7.4,24.35
3_4frn_A_S000020,-538.9,10.4,26.64
4_4frn_A_S000001,-511.0,13.0,18.69
4_4frn_A_S000002,-500.1,21.3,21.77
4_4frn_A_S000003,-511.0,9.7,24.15
4_4frn_A_S000004,-515.7,11.0,21.49
4_4frn_A_S000005,-514.2,14.8,26.89
4_4frn_A_S000006,-515.9,13.4,22.37
4_4frn_A_S000007,-523.9,6.1,28.08
4_4frn_A_S000008,-531.0,7.5,25.37
4_4frn_A_S000009,-524.8,10.0,22.04
4_4frn_A_S000010,-528.2,20.5,19.81
4_4frn_A_S000011,-524.9,8.9,22.04
4_4frn_A_S000012,-489.1,8.3,26.80
4_4frn_A_S000013,-514.2,9.7,24.07
4_4frn_A_S000014,-513.9,8.2,31.26
4_4frn_A_S000015,-512.2,12.8,27.52
4_4frn_A_S000016,-506.1,9.1,21.61
4_4frn_A_S000017,-526.8,5.3,26.58
4_4frn_A_S000018,-503.1,19.2,21.20
4_4frn_A_S000019,-516.2,12.7,23.28
4_4frn_A_S000020,-517.0,22.5,20.10
5_4frn_A_S000001,-486.4,15.4,30.23
5_4frn_A_S000002,-506.3,9.2,27.16
5_4frn_A_S000003,-527.1,4.9,24.54
5_4frn_A_S000004,-509.3,9.1,24.16
5_4frn_A_S000005,-510.2,29.8,22.77
5_4frn_A_S000006,-518.4,4.9,26.52
5_4frn_A_S000007,-544.2,6.1,24.22
5_4frn_A_S000008,-506.9,6.8,25.42
5_4frn_A_S000009,-538.6,16.2,25.75
5_4frn_A_S000010,-507.0,8.9,23.18
5_4frn_A_S000011,-498.7,18.4,22.75
5_4frn_A_S000012,-508.8,5.5,24.37
5_4frn_A_S000013,-518.5,20.6,21.25
5_4frn_A_S000014,-537.4,7.1,21.29
5_4frn_A_S000015,-527.4,10.3,21.73
5_4frn_A_S000016,-502.7,12.9,30.04
5_4frn_A_S000017,-506.6,28.3,22.72
5_4frn_A_S000018,-516.7,12.2,24.47
5_4frn_A_S000019,-519.1,23.0,29.50
5_4frn_A_S000020,-508.1,5.9,29.15
6_4frn_A_S000001,-501.8,22.1,25.43
6_4frn_A_S000002,-501.9,18.6,28.05
6_4frn_A_S000003,-502.1,8.3,25.83
6_4frn_A_S000004,-505.6,10.1,29.90
6_4frn_A_S000005,-515.9,14.6,28.14
6_4frn_A_S000006,-514.8,24.1,26.40
6_4frn_A_S000007,-506.7,12.4,26.20
6_4frn_A_S000008,-485.0,28.7,24.56
6_4frn_A_S000009,-527.9,7.9,23.84
6_4frn_A_S000010,-513.0,6.5,24.11
6_4frn_A_S000011,-544.4,4.4,23.11
6_4frn_A_S000012,-514.3,26.6,26.44
6_4frn_A_S000013,-524.9,8.4,25.81
6_4frn_A_S000014,-516.6,15.6,28.21
6_4frn_A_S000015,-522.7,3.5,26.47
6_4frn_A_S000016,-514.2,8.4,26.06
6_4frn_A_S000017,-518.4,4.0,27.63
6_4frn_A_S000018,-510.0,6.3,22.20
6_4frn_A_S000019,-536.7,3.9,24.38
6_4frn_A_S000020,-512.0,1.9,22.50
7_4frn_A_S000001,-477.1,8.3,19.80
7_4frn_A_S000002,-515.3,9.0,24.81
7_4frn_A_S000003,-491.7,27.4,20.81
7_4frn_A_S000004,-529.9,9.7,22.32
7_4frn_A_S000005,-524.7,5.8,31.01
7_4frn_A_S000006,-533.5,7.3,28.81
7_4frn_A_S000007,-530.4,5.7,27.19
7_4frn_A_S000008,-485.2,34.6,21.15
7_4frn_A_S000009,-533.2,4.5,22.88
7_4frn_A_S000010,-518.2,4.2,30.34
7_4frn_A_S000011,-496.7,19.7,23.84
7_4frn_A_S000012,-519.8,2.8,21.34
7_4frn_A_S000013,-515.9,7.2,22.38
7_4frn_A_S000014,-515.6,8.3,27.14
7_4frn_A_S000015,-510.6,11.3,24.87
7_4frn_A_S000016,-521.2,6.9,19.46
7_4frn_A_S000017,-514.7,15.5,18.81
7_4frn_A_S000018,-516.0,12.1,27.94
7_4frn_A_S000019,-515.9,3.1,26.83
7_4frn_A_S000020,-517.1,5.6,24.81
8_4frn_A_S000001,-488.1,13.1,25.21
8_4frn_A_S000002,-526.2,12.4,25.54
8_4frn_A_S000003,-507.7,3.0,30.10
8_4frn_A_S000004,-509.1,17.5,24.59
8_4frn_A_S000005,-528.6,12.7,29.46
8_4frn_A_S000006,-533.1,3.2,25.40
8_4frn_A_S000007,-524.6,19.0,29.36
8_4frn_A_S000008,-540.6,23.4,25.05
8_4frn_A_S000009,-523.9,15.8,22.53
8_4frn_A_S000010,-520.6,3.2,24.85
8_4frn_A_S000011,-518.8,11.2,25.11
8_4frn_A_S000012,-520.9,7.6,20.55
8_4frn_A_S000013,-518.1,10.9,27.78
8_4frn_A_S000014,-520.4,3.2,23.30
8_4frn_A_S000015,-523.9,0.6,23.20
8_4frn_A_S000016,-523.4,15.0,26.27
8_4frn_A_S000017,-523.8,9.2,27.89
8_4frn_A_S000018,-527.3,4.2,21.30
8_4frn_A_S000019,-485.6,10.5,24.32
8_4frn_A_S000020,-492.8,9.7,26.54
9_4frn_A_S000001,-509.1,14.7,24.63
9_4frn_A_S000002,-521.1,8.4,23.45
9_4frn_A_S000003,-518.8,41.1,26.58
9_4frn_A_S000004,-529.2,7.4,26.81
9_4frn_A_S000005,-526.8,17.4,26.04
9_4frn_A_S000006,-457.4,16.5,23.13
9_4frn_A_S000007,-517.7,7.9,25.25
9_4frn_A_S000008,-519.4,12.8,19.71
9_4frn_A_S000009,-547.6,4.4,22.15
9_4frn_A_S000010,-528.7,10.1,29.63
9_4frn_A_S000011,-523.6,12.5,28.15
9_4frn_A_S000012,-518.3,9.0,26.85
9_4frn_A_S000013,-531.9,5.8,22.10
9_4frn_A_S000014,-510.2,5.8,25.01
9_4frn_A_S000015,-525.6,8.6,25.96
9_4frn_A_S000016,-517.9,14.4,26.27
9_4frn_A_S000017,-525.7,12.0,24.04
9_4frn_A_S000018,-499.2,7.8,24.93
9_4frn_A_S000019,-518.0,5.3,24.34
9_4frn_A_S000020,-526.4,8.9,23.30
