0_4jf2_A_S000001,-421.3,3.9,21.27
0_4jf2_A_S000002,-425.9,2.0,17.90
0_4jf2_A_S000003,-444.5,3.0,17.06
0_4jf2_A_S000004,-429.3,2.9,17.21
0_4jf2_A_S000005,-428.5,6.7,15.07
0_4jf2_A_S000006,-431.4,3.1,21.83
0_4jf2_A_S000007,-428.2,2.3,20.67
0_4jf2_A_S000008,-428.5,3.7,14.60
0_4jf2_A_S000009,-428.3,6.6,23.72
0_4jf2_A_S000010,-435.3,3.0,21.09
0_4jf2_A_S000011,-425.9,3.1,19.06
0_4jf2_A_S000012,-433.0,2.0,16.62
0_4jf2_A_S000013,-427.5,2.5,16.68
0_4jf2_A_S000014,-436.9,3.3,21.25
0_4jf2_A_S000015,-456.1,3.9,18.99
0_4jf2_A_S000016,-439.1,4.7,21.44
0_4jf2_A_S000017,-432.6,3.7,20.07
0_4jf2_A_S000018,-434.4,3.2,22.70
0_4jf2_A_S000019,-439.6,1.9,21.15
0_4jf2_A_S000020,-430.3,2.2,19.45
1_4jf2_A_S000001,-393.1,3.5,14.25
1_4jf2_A_S000002,-406.2,4.4,10.48
1_4jf2_A_S000003,-417.1,2.6,18.80
1_4jf2_A_S000004,-413.8,9.4,21.57
1_4jf2_A_S000005,-439.9,1.8,17.80
1_4jf2_A_S000006,-454.8,3.0,20.07
1_4jf2_A_S000007,-417.4,3.7,23.53
1_4jf2_A_S000008,-419.8,2.0,18.97
1_4jf2_A_S000009,-427.8,4.1,23.29
1_4jf2_A_S000010,-444.0,3.1,21.17
1_4jf2_A_S000011,-448.0,4.0,22.54
1_4jf2_A_S000012,-448.1,3.5,16.82
1_4jf2_A_S000013,-434.8,6.9,22.67
1_4jf2_A_S000014,-434.0,3.9,21.66
1_4jf2_A_S000015,-449.9,2.6,19.27
1_4jf2_A_S000016,-458.7,3.6,18.45
1_4jf2_A_S000017,-455.2,3.8,23.20
1_4jf2_A_S000018,-439.9,5.6,17.41
1_4jf2_A_S000019,-435.4,3.8,17.04
1_4jf2_A_S000020,-438.7,4.6,18.81
2_4jf2_A_S000001,-387.0,12.3,24.79
2_4jf2_A_S000002,-430.2,2.8,21.46
2_4jf2_A_S000003,-437.7,3.7,19.79
2_4jf2_A_S000004,-429.3,6.1,18.55
2_4jf2_A_S000005,-430.7,3.7,22.27
2_4jf2_A_S000006,-438.2,2.3,25.49
2_4jf2_A_S000007,-436.7,16.8,20.16
2_4jf2_A_S000008,-436.0,3.5,22.13
2_4jf2_A_S000009,-430.0,3.9,20.41
2_4jf2_A_S000010,-442.0,3.8,15.75
2_4jf2_A_S000011,-439.0,2.5,18.67
2_4jf2_A_S000012,-438.8,3.4,20.41
2_4jf2_A_S000013,-435.2,2.9,22.97
2_4jf2_A_S000014,-447.8,1.9,22.81
2_4jf2_A_S000015,-430.7,4.0,22.95
2_4jf2_A_S000016,-431.5,6.9,21.54
2_4jf2_A_S000017,-433.1,2.9,18.66
2_4jf2_A_S000018,-435.2,2.9,21.05
2_4jf2_A_S000019,-439.9,2.2,20.27
2_4jf2_A_S000020,-437.9,1.5,16.72
3_4jf2_A_S000001,-410.3,2.9,22.02
3_4jf2_A_S000002,-429.3,3.5,17.53
3_4jf2_A_S000003,-421.0,2.1,19.97
3_4jf2_A_S000004,-436.9,4.3,18.20
3_4jf2_A_S000005,-440.8,3.1,16.88
3_4jf2_A_S000006,-396.9,3.6,20.31
3_4jf2_A_S000007,-427.7,8.7,13.02
3_4jf2_A_S000008,-441.3,3.4,21.80
3_4jf2_A_S000009,-431.2,2.1,17.19
3_4jf2_A_S000010,-430.0,2.7,18.06
3_4jf2_A_S000011,-429.1,2.7,18.94
3_4jf2_A_S000012,-450.1,3.6,19.33
3_4jf2_A_S000013,-414.3,2.7,21.65
3_4jf2_A_S000014,-437.9,3.6,19.27
3_4jf2_A_S000015,-452.7,1.6,21.23
3_4jf2_A_S000016,-419.9,3.2,23.42
3_4jf2_A_S000017,-446.6,4.2,20.75
3_4jf2_A_S000018,-426.3,2.7,20.77
3_4jf2_A_S000019,-435.4,2.4,15.11
3_4jf2_A_S000020,-427.8,5.2,23.23
4_4jf2_A_S000001,-413.2,2.0,17.15
4_4jf2_A_S000002,-429.5,4.6,15.03
4_4jf2_A_S000003,-431.1,2.7,22.58
4_4jf2_A_S000004,-438.6,4.4,23.06
4_4jf2_A_S000005,-433.1,2.5,14.55
4_4jf2_A_S000006,-438.8,2.7,16.48
4_4jf2_A_S000007,-409.2,3.1,18.98
4_4jf2_A_S000008,-424.8,6.8,19.82
4_4jf2_A_S000009,-434.5,2.8,22.00
4_4jf2_A_S000010,-437.6,3.6,19.95
4_4jf2_A_S000011,-428.0,4.9,18.95
4_4jf2_A_S000012,-435.1,4.1,20.39
4_4jf2_A_S000013,-432.6,1.9,19.41
4_4jf2_A_S000014,-441.1,1.5,19.87
4_4jf2_A_S000015,-431.4,3.2,22.36
4_4jf2_A_S000016,-434.1,1.8,21.96
4_4jf2_A_S000017,-437.1,3.2,22.91
4_4jf2_A_S000018,-434.5,3.6,14.81
4_4jf2_A_S000019,-439.2,3.0,22.69
4_4jf2_A_S000020,-400.8,2.6,19.90
5_4jf2_A_S000001,-449.9,4.1,18.59
5_4jf2_A_S000002,-411.1,4.1,21.57
5_4jf2_A_S000003,-441.7,3.7,23.07
5_4jf2_A_S000004,-443.9,4.9,19.37
5_4jf2_A_S000005,-457.2,3.7,22.12
5_4jf2_A_S000006,-453.3,2.7,17.46
5_4jf2_A_S000007,-450.4,10.4,19.27
5_4jf2_A_S000008,-382.9,5.7,22.65
5_4jf2_A_S000009,-430.4,4.4,19.30
5_4jf2_A_S000010,-430.6,4.0,23.72
5_4jf2_A_S000011,-432.9,2.9,19.84
5_4jf2_A_S000012,-438.3,1.8,14.02
5_4jf2_A_S000013,-434.0,3.9,21.20
5_4jf2_A_S000014,-434.7,3.7,21.38
5_4jf2_A_S000015,-438.7,8.6,19.35
5_4jf2_A_S000016,-438.4,3.8,20.68
5_4jf2_A_S000017,-440.2,3.1,17.30
5_4jf2_A_S000018,-435.0,3.5,19.72
5_4jf2_A_S000019,-439.2,4.3,21.90
5_4jf2_A_S000020,-436.2,5.0,17.98
6_4jf2_A_S000001,-439.2,2.9,18.82
6_4jf2_A_S000002,-448.4,2.2,19.73
6_4jf2_A_S000003,-441.4,9.4,17.63
6_4jf2_A_S000004,-445.5,4.6,11.89
6_4jf2_A_S000005,-438.7,2.0,19.86
6_4jf2_A_S000006,-442.2,1.9,11.36
6_4jf2_A_S000007,-442.3,3.8,20.83
6_4jf2_A_S000008,-443.5,3.6,18.33
6_4jf2_A_S000009,-419.2,2.2,21.95
6_4jf2_A_S000010,-442.6,5.3,23.85
6_4jf2_A_S000011,-440.2,2.2,20.31
6_4jf2_A_S000012,-443.3,1.4,15.63
6_4jf2_A_S000013,-442.1,3.7,21.96
6_4jf2_A_S000014,-449.9,9.3,19.01
6_4jf2_A_S000015,-424.0,4.1,20.05
6_4jf2_A_S000016,-448.6,4.2,14.81
6_4jf2_A_S000017,-447.9,3.1,18.61
6_4jf2_A_S000018,-455.4,1.6,16.36
6_4jf2_A_S000019,-448.4,4.6,16.82
6_4jf2_A_S000020,-375.9,10.5,22.67
7_4jf2_A_S000001,-428.9,2.5,17.24
7_4jf2_A_S000002,-431.0,3.0,19.17
7_4jf2_A_S000003,-449.8,1.8,20.14
7_4jf2_A_S000004,-431.2,4.8,14.98
7_4jf2_A_S000005,-432.2,3.7,18.02
7_4jf2_A_S000006,-412.8,2.6,18.21
7_4jf2_A_S000007,-438.2,6.2,20.28
7_4jf2_A_S000008,-417.6,3.2,16.36
7_4jf2_A_S000009,-413.9,10.7,19.66
7_4jf2_A_S000010,-437.4,2.6,20.00
7_4jf2_A_S000011,-429.1,4.3,19.36
7_4jf2_A_S000012,-438.6,3.4,17.02
7_4jf2_A_S000013,-446.0,2.8,13.86
7_4jf2_A_S000014,-432.4,2.0,15.95
7_4jf2_A_S000015,-437.6,3.3,22.41
7_4jf2_A_S000016,-430.8,3.8,15.37
7_4jf2_A_S000017,-434.3,3.7,17.17
7_4jf2_A_S000018,-433.6,2.9,20.74
7_4jf2_A_S000019,-437.3,4.2,18.31
7_4jf2_A_S000020,-441.2,3.4,20.92
8_4jf2_A_S000001,-402.1,9.7,23.59
8_4jf2_A_S000002,-423.9,2.2,19.67
8_4jf2_A_S000003,-430.8,3.1,19.01
8_4jf2_A_S000004,-444.6,1.3,17.84
8_4jf2_A_S000005,-439.5,4.7,15.26
8_4jf2_A_S000006,-434.5,5.0,23.49
8_4jf2_A_S000007,-429.3,2.6,21.03
8_4jf2_A_S000008,-445.6,5.2,19.10
8_4jf2_A_S000009,-433.7,2.3,20.96
8_4jf2_A_S000010,-441.0,4.0,16.52
8_4jf2_A_S000011,-434.7,2.0,18.44
8_4jf2_A_S000012,-433.3,4.1,18.79
8_4jf2_A_S000013,-449.5,2.6,18.23
8_4jf2_A_S000014,-434.3,4.4,17.50
8_4jf2_A_S000015,-436.8,5.4,20.12
8_4jf2_A_S000016,-433.0,2.7,20.74
8_4jf2_A_S000017,-434.1,4.4,20.73
8_4jf2_A_S000018,-432.0,1.8,12.86
8_4jf2_A_S000019,-436.8,1.9,15.34
8_4jf2_A_S000020,-434.0,3.9,18.50
9_4jf2_A_S000001,-439.2,5.0,21.03
9_4jf2_A_S000002,-440.2,3.1,21.43
9_4jf2_A_S000003,-442.3,1.4,19.72
9_4jf2_A_S000004,-425.5,6.3,23.72
9_4jf2_A_S000005,-431.2,1.7,16.81
9_4jf2_A_S000006,-428.0,3.8,14.49
9_4jf2_A_S000007,-435.3,3.8,18.22
9_4jf2_A_S000008,-442.0,3.6,20.31
9_4jf2_A_S000009,-457.2,4.7,21.07
9_4jf2_A_S000010,-440.2,5.4,21.05
9_4jf2_A_S000011,-440.9,4.4,14.83
9_4jf2_A_S000012,-443.6,3.7,17.57
9_4jf2_A_S000013,-443.9,15.3,25.44
9_4jf2_A_S000014,-434.6,3.7,20.07
9_4jf2_A_S000015,-436.5,4.3,16.69
9_4jf2_A_S000016,-397.7,16.7,19.92
9_4jf2_A_S000017,-443.2,3.1,16.29
9_4jf2_A_S000018,-430.8,2.1,23.28
9_4jf2_A_S000019,-447.4,4.2,20.13
9_4jf2_A_S000020,-435.5,1.7,18.97
