0_5bjp_E_S000001,-137.2,42.7,13.51
0_5bjp_E_S000002,-168.8,4.8,10.68
0_5bjp_E_S000003,-176.1,11.1,11.98
0_5bjp_E_S000004,-194.7,5.0,10.75
0_5bjp_E_S000005,-187.6,2.6,11.11
0_5bjp_E_S000006,-179.0,8.9,10.80
0_5bjp_E_S000007,-186.1,13.5,11.41
0_5bjp_E_S000008,-181.0,7.0,10.80
0_5bjp_E_S000009,-179.8,4.9,11.00
0_5bjp_E_S000010,-82.6,26.3,11.86
0_5bjp_E_S000011,-188.5,6.1,11.36
0_5bjp_E_S000012,-180.2,9.5,11.75
0_5bjp_E_S000013,-192.7,10.8,10.60
0_5bjp_E_S000014,-175.5,17.5,13.55
0_5bjp_E_S000015,-176.3,2.8,10.50
0_5bjp_E_S000016,-188.7,14.3,12.23
0_5bjp_E_S000017,-167.9,16.5,11.31
0_5bjp_E_S000018,-194.0,5.0,11.81
0_5bjp_E_S000019,-181.0,4.5,11.39
0_5bjp_E_S000020,-180.2,6.5,10.63
1_5bjp_E_S000001,-139.7,28.6,13.95
1_5bjp_E_S000002,-190.7,12.8,12.18
1_5bjp_E_S000003,-68.7,0.9,9.49
1_5bjp_E_S000004,-181.4,4.0,10.65
1_5bjp_E_S000005,-174.4,16.3,10.97
1_5bjp_E_S000006,-179.7,8.2,11.68
1_5bjp_E_S000007,-179.4,6.0,10.94
1_5bjp_E_S000008,-183.6,2.6,12.66
1_5bjp_E_S000009,-179.7,4.7,10.63
1_5bjp_E_S000010,-182.2,6.7,10.97
1_5bjp_E_S000011,-186.0,4.1,10.34
1_5bjp_E_S000012,-180.6,11.3,10.03
1_5bjp_E_S000013,-187.4,5.1,11.50
1_5bjp_E_S000014,-158.8,23.0,11.14
1_5bjp_E_S000015,-184.6,3.7,10.03
1_5bjp_E_S000016,-130.8,5.6,10.81
1_5bjp_E_S000017,-177.5,3.5,10.91
1_5bjp_E_S000018,-183.6,3.4,9.68
1_5bjp_E_S000019,-193.4,9.4,11.14
1_5bjp_E_S000020,-180.3,13.6,13.59
2_5bjp_E_S000001,-147.9,34.8,10.85
2_5bjp_E_S000002,-160.2,2.0,10.10
2_5bjp_E_S000003,-194.7,9.8,12.44
2_5bjp_E_S000004,-183.3,5.2,10.50
2_5bjp_E_S000005,-190.8,4.8,11.16
2_5bjp_E_S000006,-192.9,0.4,11.29
2_5bjp_E_S000007,-177.6,6.4,10.38
2_5bjp_E_S000008,-182.4,5.8,11.43
2_5bjp_E_S000009,-157.7,20.5,12.34
2_5bjp_E_S000010,-170.3,12.1,11.01
2_5bjp_E_S000011,-170.9,4.0,9.92
2_5bjp_E_S000012,-176.6,12.5,12.81
2_5bjp_E_S000013,-179.8,28.1,11.68
2_5bjp_E_S000014,-187.0,2.6,10.23
2_5bjp_E_S000015,-180.9,6.9,10.85
2_5bjp_E_S000016,-187.2,1.5,10.95
2_5bjp_E_S000017,-185.6,6.3,11.06
2_5bjp_E_S000018,-172.9,2.4,10.40
2_5bjp_E_S000019,-177.0,8.3,12.09
2_5bjp_E_S000020,-179.8,14.4,10.40
3_5bjp_E_S000001,-168.5,3.1,11.50
3_5bjp_E_S000002,-172.3,7.3,10.49
3_5bjp_E_S000003,-175.3,3.8,10.77
3_5bjp_E_S000004,-179.3,9.9,11.79
3_5bjp_E_S000005,-178.7,11.7,12.99
3_5bjp_E_S000006,-178.5,9.0,10.62
3_5bjp_E_S000007,-180.4,4.3,10.39
3_5bjp_E_S000008,-177.0,4.3,10.71
3_5bjp_E_S000009,-177.7,1.4,10.17
3_5bjp_E_S000010,-182.1,9.1,10.73
3_5bjp_E_S000011,-110.8,64.4,13.57
3_5bjp_E_S000012,-184.1,6.6,11.80
3_5bjp_E_S000013,-182.6,0.2,11.29
3_5bjp_E_S000014,-139.5,39.0,12.55
3_5bjp_E_S000015,-179.2,3.1,12.26
3_5bjp_E_S000016,-180.3,19.2,10.45
3_5bjp_E_S000017,-179.4,5.5,11.38
3_5bjp_E_S000018,-188.5,7.0,11.89
3_5bjp_E_S000019,-185.9,8.1,10.86
3_5bjp_E_S000020,-181.8,12.8,12.26
4_5bjp_E_S000001,-149.5,20.3,12.22
4_5bjp_E_S000002,-172.7,4.7,10.37
4_5bjp_E_S000003,-179.6,0.4,10.39
4_5bjp_E_S000004,-184.3,6.5,10.29
4_5bjp_E_S000005,-191.6,1.7,10.39
4_5bjp_E_S000006,-187.2,4.7,11.46
4_5bjp_E_S000007,-188.4,5.5,11.46
4_5bjp_E_S000008,-183.5,11.4,11.90
4_5bjp_E_S000009,-153.4,9.3,12.07
4_5bjp_E_S000010,-188.1,0.0,10.05
4_5bjp_E_S000011,-187.1,11.1,11.49
4_5bjp_E_S000012,-194.4,15.0,12.16
4_5bjp_E_S000013,-82.8,37.1,11.05
4_5bjp_E_S000014,-183.8,1.6,11.36
4_5bjp_E_S000015,-117.6,76.0,12.99
4_5bjp_E_S000016,-167.1,15.9,11.90
4_5bjp_E_S000017,-188.4,4.3,10.41
4_5bjp_E_S000018,-182.8,6.5,11.72
4_5bjp_E_S000019,-187.8,3.1,9.04
4_5bjp_E_S000020,-174.3,4.9,10.12
5_5bjp_E_S000001,-109.9,73.1,13.10
5_5bjp_E_S000002,-177.5,4.9,11.71
5_5bjp_E_S000003,-171.2,11.5,10.31
5_5bjp_E_S000004,-174.4,15.6,10.16
5_5bjp_E_S000005,-175.1,3.4,9.58
5_5bjp_E_S000006,-177.0,20.1,11.78
5_5bjp_E_S000007,-181.2,4.0,11.62
5_5bjp_E_S000008,-189.5,8.0,13.20
5_5bjp_E_S000009,-179.5,5.3,12.63
5_5bjp_E_S000010,-173.3,15.0,10.89
5_5bjp_E_S000011,-188.1,5.7,11.34
5_5bjp_E_S000012,-161.9,15.3,12.08
5_5bjp_E_S000013,-186.6,3.8,11.31
5_5bjp_E_S000014,-176.1,3.8,10.20
5_5bjp_E_S000015,-190.6,1.4,10.27
5_5bjp_E_S000016,-178.0,14.6,12.46
5_5bjp_E_S000017,-175.2,14.2,9.35
5_5bjp_E_S000018,-180.6,5.2,11.59
5_5bjp_E_S000019,-179.7,8.7,11.57
5_5bjp_E_S000020,-175.7,9.8,10.56
6_5bjp_E_S000001,-170.5,10.8,11.94
6_5bjp_E_S000002,-170.0,14.5,11.94
6_5bjp_E_S000003,-176.2,4.2,10.08
6_5bjp_E_S000004,-187.2,4.4,11.38
6_5bjp_E_S000005,-176.3,14.0,10.58
6_5bjp_E_S000006,-174.2,4.4,10.86
6_5bjp_E_S000007,-171.6,13.0,10.44
6_5bjp_E_S000008,-171.9,5.7,10.55
6_5bjp_E_S000009,-182.8,4.3,10.36
6_5bjp_E_S000010,-186.1,4.8,10.76
6_5bjp_E_S000011,-185.6,8.3,11.60
6_5bjp_E_S000012,-173.2,9.2,11.01
6_5bjp_E_S000013,-183.2,3.1,11.08
6_5bjp_E_S000014,-174.5,9.3,11.17
6_5bjp_E_S000015,-177.3,14.4,10.38
6_5bjp_E_S000016,-181.8,11.5,10.63
6_5bjp_E_S000017,-196.7,7.2,11.88
6_5bjp_E_S000018,-176.1,4.9,10.18
6_5bjp_E_S000019,-187.7,2.1,12.20
6_5bjp_E_S000020,-185.8,2.8,12.21
7_5bjp_E_S000001,-175.1,3.6,10.41
7_5bjp_E_S000002,-180.8,12.3,10.00
7_5bjp_E_S000003,-187.1,7.8,11.17
7_5bjp_E_S000004,-194.6,5.4,10.88
7_5bjp_E_S000005,-180.6,5.9,10.13
7_5bjp_E_S000006,-188.1,21.8,12.12
7_5bjp_E_S000007,-177.6,8.8,10.91
7_5bjp_E_S000008,-65.3,41.2,13.43
7_5bjp_E_S000009,-176.4,2.8,10.18
7_5bjp_E_S000010,-182.2,4.9,10.23
7_5bjp_E_S000011,-196.4,6.3,11.92
7_5bjp_E_S000012,-88.7,8.4,10.84
7_5bjp_E_S000013,-177.4,16.3,12.02
7_5bjp_E_S000014,-180.6,6.4,10.10
7_5bjp_E_S000015,-142.4,8.8,11.08
7_5bjp_E_S000016,-180.8,7.9,12.76
7_5bjp_E_S000017,-178.7,4.8,11.12
7_5bjp_E_S000018,-180.8,12.3,9.79
7_5bjp_E_S000019,-184.7,12.1,11.57
7_5bjp_E_S000020,-172.9,20.6,9.90
8_5bjp_E_S000001,-174.1,8.5,10.05
8_5bjp_E_S000002,-175.9,17.6,10.72
8_5bjp_E_S000003,-186.0,7.3,12.12
8_5bjp_E_S000004,-178.6,2.2,10.82
8_5bjp_E_S000005,-174.4,5.9,10.37
8_5bjp_E_S000006,-178.3,5.9,11.05
8_5bjp_E_S000007,-191.2,4.2,12.16
8_5bjp_E_S000008,-174.6,3.7,10.13
8_5bjp_E_S000009,-193.2,5.2,10.95
8_5bjp_E_S000010,-181.2,3.2,12.08
8_5bjp_E_S000011,-180.4,11.5,11.68
8_5bjp_E_S000012,-180.8,3.8,11.35
8_5bjp_E_S000013,-184.0,5.0,10.39
8_5bjp_E_S000014,-132.2,32.5,12.14
8_5bjp_E_S000015,-180.5,3.0,10.54
8_5bjp_E_S000016,-178.1,5.9,10.65
8_5bjp_E_S000017,-176.1,11.4,11.58
8_5bjp_E_S000018,-184.2,0.7,11.37
8_5bjp_E_S000019,-183.3,7.3,12.08
8_5bjp_E_S000020,-179.0,5.9,11.61
9_5bjp_E_S000001,-175.5,13.6,11.22
9_5bjp_E_S000002,-178.2,3.6,11.70
9_5bjp_E_S000003,-176.8,15.7,11.98
9_5bjp_E_S000004,-187.3,10.7,12.07
9_5bjp_E_S000005,-170.9,3.0,10.44
9_5bjp_E_S000006,-177.3,4.3,11.42
9_5bjp_E_S000007,-196.4,3.7,10.72
9_5bjp_E_S000008,-192.2,10.1,11.01
9_5bjp_E_S000009,-180.5,7.3,12.33
9_5bjp_E_S000010,-185.3,3.2,11.72
9_5bjp_E_S000011,-176.2,15.1,10.45
9_5bjp_E_S000012,-181.6,2.4,10.86
9_5bjp_E_S000013,-179.0,8.9,11.06
9_5bjp_E_S000014,-180.8,4.1,9.69
9_5bjp_E_S000015,-178.1,13.0,12.08
9_5bjp_E_S000016,-177.7,6.2,10.35
9_5bjp_E_S000017,-185.2,9.6,10.43
9_5bjp_E_S000018,-192.3,3.5,10.85
9_5bjp_E_S000019,-80.9,17.4,12.79
9_5bjp_E_S000020,-181.7,5.6,11.20
