0_5lyu_A_S000001,-310.8,23.9,7.27
0_5lyu_A_S000002,-328.9,19.1,6.59
0_5lyu_A_S000003,-344.1,22.5,6.61
0_5lyu_A_S000004,-333.8,17.6,7.52
0_5lyu_A_S000005,-334.6,17.9,6.72
0_5lyu_A_S000006,-335.0,27.9,6.10
0_5lyu_A_S000007,-339.2,16.2,6.09
0_5lyu_A_S000008,-335.6,13.0,6.93
0_5lyu_A_S000009,-338.7,20.1,8.79
0_5lyu_A_S000010,-336.4,31.0,5.94
0_5lyu_A_S000011,-339.3,22.6,8.04
0_5lyu_A_S000012,-337.1,33.0,5.25
0_5lyu_A_S000013,-338.5,19.4,5.02
0_5lyu_A_S000014,-338.2,27.1,5.08
0_5lyu_A_S000015,-328.8,31.8,7.57
0_5lyu_A_S000016,-303.2,30.1,6.27
0_5lyu_A_S000017,-314.7,36.1,5.35
0_5lyu_A_S000018,-340.3,18.8,7.52
0_5lyu_A_S000019,-345.9,25.3,5.61
0_5lyu_A_S000020,-312.0,27.4,5.63
1_5lyu_A_S000001,-309.0,38.2,6.30
1_5lyu_A_S000002,-329.3,33.6,7.78
1_5lyu_A_S000003,-327.4,18.4,4.61
1_5lyu_A_S000004,-331.3,28.4,5.28
1_5lyu_A_S000005,-329.5,29.5,8.14
1_5lyu_A_S000006,-335.9,18.9,5.02
1_5lyu_A_S000007,-335.9,24.5,5.72
1_5lyu_A_S000008,-306.8,32.9,9.94
1_5lyu_A_S000009,-328.9,19.7,8.54
1_5lyu_A_S000010,-330.0,18.3,7.11
1_5lyu_A_S000011,-328.3,18.6,5.27
1_5lyu_A_S000012,-337.1,25.7,6.63
1_5lyu_A_S000013,-332.9,30.3,8.10
1_5lyu_A_S000014,-339.4,28.5,7.70
1_5lyu_A_S000015,-328.0,21.9,4.97
1_5lyu_A_S000016,-330.6,24.6,5.36
1_5lyu_A_S000017,-331.3,28.8,6.57
1_5lyu_A_S000018,-329.5,25.8,6.28
1_5lyu_A_S000019,-332.7,27.9,5.51
1_5lyu_A_S000020,-329.6,24.8,6.52
2_5lyu_A_S000001,-322.8,22.6,4.49
2_5lyu_A_S000002,-327.3,30.1,8.21
2_5lyu_A_S000003,-323.2,28.7,6.69
2_5lyu_A_S000004,-324.2,31.5,6.34
2_5lyu_A_S000005,-324.2,17.8,4.93
2_5lyu_A_S000006,-332.8,19.3,4.32
2_5lyu_A_S000007,-329.3,22.5,5.81
2_5lyu_A_S000008,-328.5,24.5,8.70
2_5lyu_A_S000009,-325.9,39.1,7.33
2_5lyu_A_S000010,-327.7,22.8,6.94
2_5lyu_A_S000011,-320.8,31.0,5.95
2_5lyu_A_S000012,-327.4,30.4,9.49
2_5lyu_A_S000013,-338.9,19.8,8.75
2_5lyu_A_S000014,-333.0,20.4,6.34
2_5lyu_A_S000015,-325.3,22.2,9.23
2_5lyu_A_S000016,-338.1,25.1,7.79
2_5lyu_A_S000017,-339.3,28.5,8.40
2_5lyu_A_S000018,-346.0,18.9,5.32
2_5lyu_A_S000019,-331.7,31.5,6.26
2_5lyu_A_S000020,-330.0,26.8,5.73
3_5lyu_A_S000001,-315.4,32.5,6.44
3_5lyu_A_S000002,-337.8,23.3,7.46
3_5lyu_A_S000003,-336.0,23.4,7.41
3_5lyu_A_S000004,-330.8,34.0,7.20
3_5lyu_A_S000005,-331.6,30.4,5.64
3_5lyu_A_S000006,-332.3,29.6,6.29
3_5lyu_A_S000007,-328.4,29.9,7.35
3_5lyu_A_S000008,-340.9,21.3,6.62
3_5lyu_A_S000009,-330.3,19.7,8.19
3_5lyu_A_S000010,-303.7,42.3,12.62
3_5lyu_A_S000011,-333.1,32.2,7.89
3_5lyu_A_S000012,-328.5,14.8,6.80
3_5lyu_A_S000013,-330.2,38.3,6.46
3_5lyu_A_S000014,-335.9,21.2,7.17
3_5lyu_A_S000015,-332.8,15.7,8.37
3_5lyu_A_S000016,-331.4,28.1,5.69
3_5lyu_A_S000017,-330.3,27.8,4.48
3_5lyu_A_S000018,-336.2,17.9,6.98
3_5lyu_A_S000019,-338.7,20.9,4.49
3_5lyu_A_S000020,-330.2,24.3,8.75
4_5lyu_A_S000001,-328.0,30.1,7.65
4_5lyu_A_S000002,-331.9,28.5,5.13
4_5lyu_A_S000003,-330.5,25.3,6.46
4_5lyu_A_S000004,-338.5,11.0,7.75
4_5lyu_A_S000005,-323.9,35.9,8.95
4_5lyu_A_S000006,-328.5,24.1,6.67
4_5lyu_A_S000007,-342.8,30.7,8.34
4_5lyu_A_S000008,-327.5,33.8,9.03
4_5lyu_A_S000009,-329.4,23.2,8.67
4_5lyu_A_S000010,-333.3,24.2,5.86
4_5lyu_A_S000011,-327.2,22.2,6.90
4_5lyu_A_S000012,-336.6,25.7,5.62
4_5lyu_A_S000013,-330.2,37.5,9.27
4_5lyu_A_S000014,-328.8,36.3,6.95
4_5lyu_A_S000015,-328.1,27.7,9.93
4_5lyu_A_S000016,-334.9,23.1,6.43
4_5lyu_A_S000017,-332.3,32.4,4.98
4_5lyu_A_S000018,-330.8,21.1,5.81
4_5lyu_A_S000019,-340.7,32.7,5.86
4_5lyu_A_S000020,-336.8,26.4,5.95
5_5lyu_A_S000001,-327.3,36.9,7.84
5_5lyu_A_S000002,-328.9,15.6,5.45
5_5lyu_A_S000003,-329.3,41.8,7.36
5_5lyu_A_S000004,-330.0,20.6,8.22
5_5lyu_A_S000005,-322.4,23.7,5.60
5_5lyu_A_S000006,-332.2,28.3,5.45
5_5lyu_A_S000007,-332.8,27.4,9.17
5_5lyu_A_S000008,-345.6,21.4,9.59
5_5lyu_A_S000009,-333.1,30.4,6.02
5_5lyu_A_S000010,-332.3,26.0,7.63
5_5lyu_A_S000011,-331.8,20.6,7.30
5_5lyu_A_S000012,-345.2,24.1,7.20
5_5lyu_A_S000013,-332.1,24.1,4.73
5_5lyu_A_S000014,-332.3,25.3,6.73
5_5lyu_A_S000015,-350.0,10.3,9.70
5_5lyu_A_S000016,-315.1,30.7,6.29
5_5lyu_A_S000017,-328.4,24.3,7.12
5_5lyu_A_S000018,-333.5,26.5,6.98
5_5lyu_A_S000019,-329.9,25.8,8.55
5_5lyu_A_S000020,-328.5,20.2,6.49
6_5lyu_A_S000001,-303.1,41.3,8.25
6_5lyu_A_S000002,-319.5,25.6,7.38
6_5lyu_A_S000003,-322.6,34.9,7.82
6_5lyu_A_S000004,-323.5,29.2,7.05
6_5lyu_A_S000005,-333.9,24.1,7.09
6_5lyu_A_S000006,-325.3,23.1,6.30
6_5lyu_A_S000007,-326.5,18.9,8.17
6_5lyu_A_S000008,-337.4,18.4,9.10
6_5lyu_A_S000009,-341.4,19.0,8.78
6_5lyu_A_S000010,-334.1,16.1,10.59
6_5lyu_A_S000011,-334.4,21.0,8.24
6_5lyu_A_S000012,-327.6,36.9,5.03
6_5lyu_A_S000013,-327.0,35.9,6.55
6_5lyu_A_S000014,-327.5,19.9,8.51
6_5lyu_A_S000015,-327.1,33.5,7.29
6_5lyu_A_S000016,-328.1,34.5,6.25
6_5lyu_A_S000017,-329.2,33.2,7.77
6_5lyu_A_S000018,-323.2,20.3,7.43
6_5lyu_A_S000019,-331.7,29.7,7.61
6_5lyu_A_S000020,-328.4,33.7,5.83
7_5lyu_A_S000001,-321.8,31.6,8.44
7_5lyu_A_S000002,-322.2,33.0,5.55
7_5lyu_A_S000003,-330.8,35.2,5.83
7_5lyu_A_S000004,-322.4,26.2,7.86
7_5lyu_A_S000005,-326.3,21.5,7.48
7_5lyu_A_S000006,-328.4,29.6,6.12
7_5lyu_A_S000007,-323.1,40.2,7.23
7_5lyu_A_S000008,-335.8,22.1,7.72
7_5lyu_A_S000009,-327.4,28.9,5.97
7_5lyu_A_S000010,-333.7,29.6,5.44
7_5lyu_A_S000011,-329.6,35.7,5.38
7_5lyu_A_S000012,-343.0,23.6,7.44
7_5lyu_A_S000013,-330.8,26.9,6.98
7_5lyu_A_S000014,-332.1,24.4,7.05
7_5lyu_A_S000015,-346.5,19.8,8.66
7_5lyu_A_S000016,-332.4,19.2,5.23
7_5lyu_A_S000017,-344.2,22.2,7.85
7_5lyu_A_S000018,-315.3,38.5,8.91
7_5lyu_A_S000019,-330.7,28.2,5.53
7_5lyu_A_S000020,-331.1,27.9,7.30
8_5lyu_A_S000001,-331.9,26.1,6.64
8_5lyu_A_S000002,-337.3,22.3,6.53
8_5lyu_A_S000003,-329.5,19.7,6.26
8_5lyu_A_S000004,-332.3,25.9,4.77
8_5lyu_A_S000005,-331.1,18.2,6.68
8_5lyu_A_S000006,-336.1,36.1,5.92
8_5lyu_A_S000007,-334.4,18.7,6.41
8_5lyu_A_S000008,-339.7,22.8,8.39
8_5lyu_A_S000009,-319.4,35.7,7.91
8_5lyu_A_S000010,-332.4,27.1,6.89
8_5lyu_A_S000011,-341.1,19.8,6.02
8_5lyu_A_S000012,-336.8,19.9,6.27
8_5lyu_A_S000013,-331.0,24.2,8.01
8_5lyu_A_S000014,-330.2,28.2,5.76
8_5lyu_A_S000015,-340.2,17.2,6.31
8_5lyu_A_S000016,-333.5,22.4,6.94
8_5lyu_A_S000017,-338.3,20.6,6.21
8_5lyu_A_S000018,-335.6,24.0,5.95
8_5lyu_A_S000019,-333.0,21.7,6.46
8_5lyu_A_S000020,-328.3,36.5,7.95
9_5lyu_A_S000001,-321.7,38.5,8.19
9_5lyu_A_S000002,-322.6,30.7,7.29
9_5lyu_A_S000003,-335.7,14.8,6.44
9_5lyu_A_S000004,-327.4,27.4,8.03
9_5lyu_A_S000005,-336.1,14.6,8.67
9_5lyu_A_S000006,-341.5,15.3,6.00
9_5lyu_A_S000007,-332.3,16.7,10.41
9_5lyu_A_S000008,-334.5,29.0,5.33
9_5lyu_A_S000009,-313.3,40.5,5.71
9_5lyu_A_S000010,-339.8,19.2,10.25
9_5lyu_A_S000011,-328.0,31.5,7.47
9_5lyu_A_S000012,-331.6,21.8,5.75
9_5lyu_A_S000013,-338.3,21.5,6.79
9_5lyu_A_S000014,-329.1,27.4,4.89
9_5lyu_A_S000015,-341.4,30.4,4.68
9_5lyu_A_S000016,-334.5,24.4,5.79
9_5lyu_A_S000017,-332.5,37.2,6.74
9_5lyu_A_S000018,-331.9,16.6,6.18
9_5lyu_A_S000019,-331.3,33.4,6.77
9_5lyu_A_S000020,-334.8,23.8,6.74
