0_6mwn_A_S000001,-528.5,16.7,19.00
0_6mwn_A_S000002,-530.3,2.7,21.16
0_6mwn_A_S000003,-529.6,6.3,20.01
0_6mwn_A_S000004,-547.9,0.8,20.15
0_6mwn_A_S000005,-533.3,5.4,21.27
0_6mwn_A_S000006,-535.0,1.8,22.47
0_6mwn_A_S000007,-535.5,0.0,18.77
0_6mwn_A_S000008,-535.4,3.7,18.58
0_6mwn_A_S000009,-536.6,3.1,19.05
0_6mwn_A_S000010,-539.6,1.7,20.46
0_6mwn_A_S000011,-546.7,7.2,20.88
0_6mwn_A_S000012,-546.7,6.3,14.64
0_6mwn_A_S000013,-537.0,5.9,21.04
0_6mwn_A_S000014,-533.3,7.9,19.66
0_6mwn_A_S000015,-488.8,30.5,14.19
0_6mwn_A_S000016,-529.5,4.3,21.37
0_6mwn_A_S000017,-533.5,3.5,18.48
0_6mwn_A_S000018,-531.4,3.6,20.99
0_6mwn_A_S000019,-561.5,1.4,20.56
0_6mwn_A_S000020,-547.7,6.2,20.46
1_6mwn_A_S000001,-511.4,2.2,20.91
1_6mwn_A_S000002,-518.9,17.9,19.54
1_6mwn_A_S000003,-513.7,12.4,19.47
1_6mwn_A_S000004,-521.6,18.5,19.93
1_6mwn_A_S000005,-519.3,11.6,20.36
1_6mwn_A_S000006,-539.0,3.8,19.90
1_6mwn_A_S000007,-530.9,5.3,22.17
1_6mwn_A_S000008,-552.4,1.6,19.77
1_6mwn_A_S000009,-534.6,9.2,20.04
1_6mwn_A_S000010,-523.8,18.7,19.35
1_6mwn_A_S000011,-539.0,4.8,16.81
1_6mwn_A_S000012,-529.6,10.7,21.14
1_6mwn_A_S000013,-528.8,16.1,19.86
1_6mwn_A_S000014,-545.1,1.6,22.88
1_6mwn_A_S000015,-529.6,4.7,20.94
1_6mwn_A_S000016,-566.5,1.3,20.49
1_6mwn_A_S000017,-532.0,2.9,19.77
1_6mwn_A_S000018,-560.0,5.5,16.62
1_6mwn_A_S000019,-551.5,4.0,20.11
1_6mwn_A_S000020,-536.5,6.0,20.40
2_6mwn_A_S000001,-517.3,2.0,20.05
2_6mwn_A_S000002,-520.9,6.3,21.97
2_6mwn_A_S000003,-522.2,1.7,21.15
2_6mwn_A_S000004,-521.1,12.3,20.22
2_6mwn_A_S000005,-532.3,6.7,18.32
2_6mwn_A_S000006,-543.9,7.0,17.13
2_6mwn_A_S000007,-509.0,33.4,18.78
2_6mwn_A_S000008,-539.9,12.4,19.87
2_6mwn_A_S000009,-522.0,10.8,18.74
2_6mwn_A_S000010,-542.8,1.4,21.66
2_6mwn_A_S000011,-541.9,11.9,21.12
2_6mwn_A_S000012,-524.1,16.5,19.48
2_6mwn_A_S000013,-539.9,13.3,19.71
2_6mwn_A_S000014,-530.1,2.2,19.10
2_6mwn_A_S000015,-535.7,3.0,18.49
2_6mwn_A_S000016,-527.9,1.4,21.49
2_6mwn_A_S000017,-526.7,3.7,19.27
2_6mwn_A_S000018,-534.8,9.3,19.43
2_6mwn_A_S000019,-542.1,8.2,18.89
2_6mwn_A_S000020,-523.5,5.7,19.15
3_6mwn_A_S000001,-501.9,18.5,20.36
3_6mwn_A_S000002,-504.2,13.4,19.54
3_6mwn_A_S000003,-517.9,11.6,19.25
3_6mwn_A_S000004,-542.7,2.2,17.48
3_6mwn_A_S000005,-530.5,5.7,19.03
3_6mwn_A_S000006,-526.7,16.5,20.00
3_6mwn_A_S000007,-525.4,8.9,20.24
3_6mwn_A_S000008,-525.5,15.5,20.47
3_6mwn_A_S000009,-555.0,2.8,21.34
3_6mwn_A_S000010,-525.7,2.6,21.64
3_6mwn_A_S000011,-537.3,12.6,19.11
3_6mwn_A_S000012,-531.7,16.3,18.46
3_6mwn_A_S000013,-527.0,2.1,20.46
3_6mwn_A_S000014,-532.8,3.1,19.59
3_6mwn_A_S000015,-530.0,1.7,21.15
3_6mwn_A_S000016,-531.1,14.0,19.55
3_6mwn_A_S000017,-538.1,1.9,20.05
3_6mwn_A_S000018,-531.5,1.6,21.23
3_6mwn_A_S000019,-512.6,9.0,22.66
3_6mwn_A_S000020,-526.7,6.8,20.50
4_6mwn_A_S000001,-536.5,2.5,20.51
4_6mwn_A_S000002,-546.5,7.0,19.12
4_6mwn_A_S000003,-541.0,5.7,19.92
4_6mwn_A_S000004,-534.0,15.5,20.70
4_6mwn_A_S000005,-534.9,15.6,18.72
4_6mwn_A_S000006,-540.1,10.0,20.32
4_6mwn_A_S000007,-549.2,0.6,20.61
4_6mwn_A_S000008,-382.3,14.6,20.18
4_6mwn_A_S000009,-509.9,26.8,19.16
4_6mwn_A_S000010,-545.0,5.9,17.28
4_6mwn_A_S000011,-532.0,4.9,19.92
4_6mwn_A_S000012,-549.7,1.1,20.24
4_6mwn_A_S000013,-537.4,0.1,21.50
4_6mwn_A_S000014,-517.4,9.7,20.02
4_6mwn_A_S000015,-542.8,2.7,20.19
4_6mwn_A_S000016,-477.7,14.0,20.97
4_6mwn_A_S000017,-528.7,10.2,20.65
4_6mwn_A_S000018,-531.9,1.1,20.33
4_6mwn_A_S000019,-543.2,3.6,18.64
4_6mwn_A_S000020,-522.6,14.6,20.40
5_6mwn_A_S000001,-518.4,19.1,19.34
5_6mwn_A_S000002,-512.6,11.6,18.41
5_6mwn_A_S000003,-533.0,9.8,21.69
5_6mwn_A_S000004,-512.7,4.5,19.80
5_6mwn_A_S000005,-526.8,1.9,22.19
5_6mwn_A_S000006,-528.6,3.2,22.09
5_6mwn_A_S000007,-535.6,4.9,20.04
5_6mwn_A_S000008,-546.6,5.0,19.16
5_6mwn_A_S000009,-527.6,4.0,19.04
5_6mwn_A_S000010,-524.5,7.3,20.76
5_6mwn_A_S000011,-541.7,1.0,20.77
5_6mwn_A_S000012,-535.5,10.4,18.00
5_6mwn_A_S000013,-536.7,7.0,19.17
5_6mwn_A_S000014,-530.7,23.0,20.96
5_6mwn_A_S000015,-534.3,0.1,20.06
5_6mwn_A_S000016,-528.6,2.3,19.64
5_6mwn_A_S000017,-506.0,17.2,20.47
5_6mwn_A_S000018,-532.0,1.2,22.40
5_6mwn_A_S000019,-537.1,7.0,21.36
5_6mwn_A_S000020,-548.3,3.6,20.66
6_6mwn_A_S000001,-533.7,10.9,21.56
6_6mwn_A_S000002,-542.9,10.3,17.44
6_6mwn_A_S000003,-521.9,15.2,18.98
6_6mwn_A_S000004,-524.9,12.0,16.57
6_6mwn_A_S000005,-527.7,5.4,17.58
6_6mwn_A_S000006,-534.4,3.2,20.60
6_6mwn_A_S000007,-522.9,8.6,19.06
6_6mwn_A_S000008,-527.6,14.5,20.23
6_6mwn_A_S000009,-527.4,23.3,22.56
6_6mwn_A_S000010,-529.5,13.4,20.98
6_6mwn_A_S000011,-523.2,3.2,17.99
6_6mwn_A_S000012,-525.8,3.5,21.74
6_6mwn_A_S000013,-522.9,8.6,21.12
6_6mwn_A_S000014,-522.4,20.1,19.27
6_6mwn_A_S000015,-530.1,2.7,20.28
6_6mwn_A_S000016,-514.6,5.2,23.65
6_6mwn_A_S000017,-528.2,4.1,21.03
6_6mwn_A_S000018,-530.9,6.4,20.33
6_6mwn_A_S000019,-531.9,11.7,14.10
6_6mwn_A_S000020,-537.9,4.2,15.69
7_6mwn_A_S000001,-522.5,19.3,20.23
7_6mwn_A_S000002,-544.2,9.1,20.75
7_6mwn_A_S000003,-537.0,2.8,20.34
7_6mwn_A_S000004,-484.5,20.3,20.76
7_6mwn_A_S000005,-537.7,5.5,17.64
7_6mwn_A_S000006,-529.4,2.7,18.97
7_6mwn_A_S000007,-531.3,10.4,22.35
7_6mwn_A_S000008,-529.5,3.6,21.18
7_6mwn_A_S000009,-538.4,5.0,20.91
7_6mwn_A_S000010,-532.7,18.7,19.78
7_6mwn_A_S000011,-508.5,14.3,18.56
7_6mwn_A_S000012,-529.7,29.1,20.65
7_6mwn_A_S000013,-531.1,11.1,20.63
7_6mwn_A_S000014,-535.7,12.2,18.76
7_6mwn_A_S000015,-531.1,0.5,19.42
7_6mwn_A_S000016,-529.6,3.3,20.84
7_6mwn_A_S000017,-537.5,2.3,21.02
7_6mwn_A_S000018,-543.1,7.3,18.10
7_6mwn_A_S000019,-550.1,1.9,18.12
7_6mwn_A_S000020,-530.2,6.5,17.25
8_6mwn_A_S000001,-502.6,12.4,15.98
8_6mwn_A_S000002,-505.6,16.5,20.30
8_6mwn_A_S000003,-516.9,7.3,19.35
8_6mwn_A_S000004,-511.1,11.6,20.77
8_6mwn_A_S000005,-525.2,13.6,20.40
8_6mwn_A_S000006,-519.6,7.0,17.35
8_6mwn_A_S000007,-530.2,5.6,19.39
8_6mwn_A_S000008,-529.9,7.7,20.57
8_6mwn_A_S000009,-549.5,2.3,20.05
8_6mwn_A_S000010,-525.4,2.3,21.17
8_6mwn_A_S000011,-538.9,3.3,21.34
8_6mwn_A_S000012,-526.8,8.9,14.84
8_6mwn_A_S000013,-520.5,31.2,21.32
8_6mwn_A_S000014,-509.2,7.4,21.89
8_6mwn_A_S000015,-533.2,11.5,19.62
8_6mwn_A_S000016,-530.2,13.9,18.89
8_6mwn_A_S000017,-537.1,7.9,20.77
8_6mwn_A_S000018,-520.0,6.8,20.93
8_6mwn_A_S000019,-520.2,4.7,18.78
8_6mwn_A_S000020,-530.7,0.3,18.68
9_6mwn_A_S000001,-497.4,9.2,18.83
9_6mwn_A_S000002,-516.2,15.9,19.70
9_6mwn_A_S000003,-518.7,5.0,17.82
9_6mwn_A_S000004,-526.0,10.2,19.73
9_6mwn_A_S000005,-522.3,7.7,21.05
9_6mwn_A_S000006,-534.5,22.6,21.41
9_6mwn_A_S000007,-542.2,10.4,20.71
9_6mwn_A_S000008,-526.9,15.7,21.87
9_6mwn_A_S000009,-527.3,7.3,19.67
9_6mwn_A_S000010,-533.7,13.8,19.06
9_6mwn_A_S000011,-497.9,15.8,19.39
9_6mwn_A_S000012,-526.0,0.7,20.73
9_6mwn_A_S000013,-527.4,8.0,18.36
9_6mwn_A_S000014,-526.2,15.0,20.05
9_6mwn_A_S000015,-539.1,6.2,20.34
9_6mwn_A_S000016,-494.0,11.3,20.37
9_6mwn_A_S000017,-536.5,5.6,20.49
9_6mwn_A_S000018,-536.1,3.7,19.80
9_6mwn_A_S000019,-530.0,13.6,19.99
9_6mwn_A_S000020,-530.6,12.5,18.88
