0_1xjr_A_S000001,-57.2,0.0,9.21
0_1xjr_A_S000002,-48.0,0.0,8.52
0_1xjr_A_S000003,-45.8,0.0,9.20
0_1xjr_A_S000004,-59.4,0.0,8.69
0_1xjr_A_S000005,-44.1,0.0,9.77
0_1xjr_A_S000006,-54.6,0.0,9.38
0_1xjr_A_S000007,-40.0,0.0,9.28
0_1xjr_A_S000008,-53.5,0.0,8.09
0_1xjr_A_S000009,-45.5,0.0,9.15
0_1xjr_A_S000010,-64.5,0.0,9.31
0_1xjr_A_S000011,-22.4,0.0,9.32
0_1xjr_A_S000012,-44.5,0.0,8.93
0_1xjr_A_S000013,-53.6,0.0,8.67
0_1xjr_A_S000014,-45.8,0.0,8.30
0_1xjr_A_S000015,9.0,0.0,9.46
0_1xjr_A_S000016,-62.6,0.0,9.27
0_1xjr_A_S000017,-7.4,0.0,9.65
0_1xjr_A_S000018,-52.3,0.0,8.98
0_1xjr_A_S000019,-36.4,0.0,10.40
0_1xjr_A_S000020,-35.0,0.0,9.15
1_1xjr_A_S000001,-62.0,0.0,10.51
1_1xjr_A_S000002,-54.2,0.0,8.67
1_1xjr_A_S000003,-49.0,0.0,9.41
1_1xjr_A_S000004,-35.4,0.0,8.36
1_1xjr_A_S000005,-39.9,0.0,7.74
1_1xjr_A_S000006,-54.1,0.0,9.09
1_1xjr_A_S000007,-54.0,0.0,9.19
1_1xjr_A_S000008,-48.9,0.0,10.47
1_1xjr_A_S000009,-48.8,0.0,9.86
1_1xjr_A_S000010,-39.0,0.0,9.53
1_1xjr_A_S000011,-46.2,0.0,9.23
1_1xjr_A_S000012,-7.4,0.0,10.06
1_1xjr_A_S000013,-52.6,0.0,8.90
1_1xjr_A_S000014,-14.7,0.0,9.93
1_1xjr_A_S000015,23.5,0.0,9.24
1_1xjr_A_S000016,-52.9,0.0,11.59
1_1xjr_A_S000017,-38.3,0.0,9.77
1_1xjr_A_S000018,-56.9,0.0,10.54
1_1xjr_A_S000019,-52.0,0.0,10.55
1_1xjr_A_S000020,-51.1,0.0,10.18
2_1xjr_A_S000001,-60.8,0.0,9.15
2_1xjr_A_S000002,-42.4,0.0,10.01
2_1xjr_A_S000003,-54.8,0.0,9.91
2_1xjr_A_S000004,-36.4,0.0,11.62
2_1xjr_A_S000005,-51.4,0.0,9.06
2_1xjr_A_S000006,-64.2,0.0,9.88
2_1xjr_A_S000007,-39.1,0.0,9.16
2_1xjr_A_S000008,-58.3,0.0,8.92
2_1xjr_A_S000009,-56.1,0.0,9.69
2_1xjr_A_S000010,-52.1,0.0,8.74
2_1xjr_A_S000011,-22.1,0.0,9.10
2_1xjr_A_S000012,-62.6,0.0,9.35
2_1xjr_A_S000013,-58.8,0.0,8.86
2_1xjr_A_S000014,-25.5,0.0,9.43
2_1xjr_A_S000015,-18.5,0.0,10.69
2_1xjr_A_S000016,-63.8,0.0,8.84
2_1xjr_A_S000017,-61.9,0.0,8.94
2_1xjr_A_S000018,-52.0,0.0,9.61
2_1xjr_A_S000019,-48.7,0.0,8.51
2_1xjr_A_S000020,-63.7,0.0,10.36
3_1xjr_A_S000001,-42.8,0.0,9.58
3_1xjr_A_S000002,-53.6,0.0,8.49
3_1xjr_A_S000003,-47.6,0.0,10.07
3_1xjr_A_S000004,-33.2,0.0,9.59
3_1xjr_A_S000005,-54.4,0.0,8.96
3_1xjr_A_S000006,-59.4,0.0,8.87
3_1xjr_A_S000007,-59.5,0.0,10.28
3_1xjr_A_S000008,-71.3,0.0,9.02
3_1xjr_A_S000009,-52.8,0.0,9.72
3_1xjr_A_S000010,-25.1,0.0,8.97
3_1xjr_A_S000011,-50.9,0.0,9.89
3_1xjr_A_S000012,-61.3,0.0,8.91
3_1xjr_A_S000013,-11.0,0.0,9.43
3_1xjr_A_S000014,-56.6,0.0,8.81
3_1xjr_A_S000015,-53.4,0.0,8.92
3_1xjr_A_S000016,-39.8,0.0,8.87
3_1xjr_A_S000017,-51.2,0.0,8.93
3_1xjr_A_S000018,-29.5,0.0,10.96
3_1xjr_A_S000019,-23.1,0.0,9.18
3_1xjr_A_S000020,-39.3,0.0,9.33
4_1xjr_A_S000001,-20.8,0.0,9.14
4_1xjr_A_S000002,-46.7,0.0,8.57
4_1xjr_A_S000003,-62.5,0.0,9.39
4_1xjr_A_S000004,-49.0,0.0,10.52
4_1xjr_A_S000005,-53.5,0.0,9.50
4_1xjr_A_S000006,-42.0,0.0,8.70
4_1xjr_A_S000007,-63.4,0.0,10.10
4_1xjr_A_S000008,-51.1,0.0,9.24
4_1xjr_A_S000009,-60.9,0.0,10.16
4_1xjr_A_S000010,-62.0,0.0,9.99
4_1xjr_A_S000011,-60.8,0.0,10.22
4_1xjr_A_S000012,-52.9,0.0,10.01
4_1xjr_A_S000013,-52.4,0.0,8.79
4_1xjr_A_S000014,15.7,0.0,8.92
4_1xjr_A_S000015,-34.8,0.0,10.03
4_1xjr_A_S000016,-62.1,0.0,9.15
4_1xjr_A_S000017,-33.0,0.0,8.38
4_1xjr_A_S000018,-38.8,0.0,9.72
4_1xjr_A_S000019,-1.2,0.0,10.22
4_1xjr_A_S000020,-37.5,0.0,9.16
5_1xjr_A_S000001,-45.7,0.0,9.80
5_1xjr_A_S000002,-57.4,0.0,9.54
5_1xjr_A_S000003,-48.4,0.0,10.34
5_1xjr_A_S000004,-49.8,0.0,8.44
5_1xjr_A_S000005,-42.5,0.0,9.40
5_1xjr_A_S000006,-62.5,0.0,9.87
5_1xjr_A_S000007,-21.5,0.0,9.56
5_1xjr_A_S000008,-51.2,0.0,8.87
5_1xjr_A_S000009,-51.2,0.0,9.47
5_1xjr_A_S000010,-52.6,0.0,10.39
5_1xjr_A_S000011,-38.7,0.0,9.76
5_1xjr_A_S000012,-58.3,0.0,10.19
5_1xjr_A_S000013,1.0,0.0,9.71
5_1xjr_A_S000014,-27.7,0.0,8.57
5_1xjr_A_S000015,-47.1,0.0,10.12
5_1xjr_A_S000016,-46.5,0.0,9.01
5_1xjr_A_S000017,-27.3,0.0,9.67
5_1xjr_A_S000018,-64.6,0.0,8.82
5_1xjr_A_S000019,-28.7,0.0,10.20
5_1xjr_A_S000020,-18.2,0.0,9.09
6_1xjr_A_S000001,-47.8,0.0,9.96
6_1xjr_A_S000002,-53.8,0.0,10.40
6_1xjr_A_S000003,-48.1,0.0,8.66
6_1xjr_A_S000004,-43.2,0.0,9.35
6_1xjr_A_S000005,-44.6,0.0,8.96
6_1xjr_A_S000006,-46.2,0.0,9.20
6_1xjr_A_S000007,-11.1,0.0,9.19
6_1xjr_A_S000008,-54.7,0.0,10.13
6_1xjr_A_S000009,-47.5,0.0,9.42
6_1xjr_A_S000010,-24.9,0.0,8.96
6_1xjr_A_S000011,-9.6,0.0,9.76
6_1xjr_A_S000012,-54.9,0.0,8.95
6_1xjr_A_S000013,-41.6,0.0,9.84
6_1xjr_A_S000014,-51.7,0.0,9.15
6_1xjr_A_S000015,-28.9,0.0,11.58
6_1xjr_A_S000016,7.8,0.0,11.38
6_1xjr_A_S000017,-30.3,0.0,10.56
6_1xjr_A_S000018,-65.4,0.0,8.97
6_1xjr_A_S000019,-38.2,0.0,9.40
6_1xjr_A_S000020,-13.2,0.0,9.52
7_1xjr_A_S000001,17.6,0.0,9.11
7_1xjr_A_S000002,-46.4,0.0,10.24
7_1xjr_A_S000003,-18.6,0.0,9.24
7_1xjr_A_S000004,-49.5,0.0,7.89
7_1xjr_A_S000005,-42.1,0.0,8.79
7_1xjr_A_S000006,-24.7,0.0,8.84
7_1xjr_A_S000007,-44.7,0.0,9.00
7_1xjr_A_S000008,-29.8,0.0,8.81
7_1xjr_A_S000009,-35.5,0.0,9.14
7_1xjr_A_S000010,-56.1,0.0,7.56
7_1xjr_A_S000011,-48.6,0.0,8.76
7_1xjr_A_S000012,8.4,0.0,9.18
7_1xjr_A_S000013,-29.9,0.0,9.30
7_1xjr_A_S000014,-45.2,0.0,9.82
7_1xjr_A_S000015,-46.4,0.0,9.35
7_1xjr_A_S000016,-60.9,0.0,9.31
7_1xjr_A_S000017,-65.1,0.0,9.34
7_1xjr_A_S000018,-25.6,0.0,9.28
7_1xjr_A_S000019,-49.5,0.0,9.47
7_1xjr_A_S000020,-40.5,0.0,12.21
8_1xjr_A_S000001,-46.9,0.0,7.25
8_1xjr_A_S000002,27.5,0.0,9.07
8_1xjr_A_S000003,-48.7,0.0,10.11
8_1xjr_A_S000004,8.3,0.0,8.92
8_1xjr_A_S000005,-40.4,0.0,10.73
8_1xjr_A_S000006,-42.6,0.0,9.30
8_1xjr_A_S000007,-37.1,0.0,8.40
8_1xjr_A_S000008,-53.2,0.0,8.69
8_1xjr_A_S000009,-47.6,0.0,9.39
8_1xjr_A_S000010,-24.0,0.0,9.15
8_1xjr_A_S000011,-35.2,0.0,8.33
8_1xjr_A_S000012,-48.6,0.0,9.17
8_1xjr_A_S000013,-62.4,0.0,10.10
8_1xjr_A_S000014,-43.0,0.0,9.37
8_1xjr_A_S000015,-51.0,0.0,10.40
8_1xjr_A_S000016,-40.6,0.0,9.70
8_1xjr_A_S000017,-22.8,0.0,9.10
8_1xjr_A_S000018,55.5,0.0,10.28
8_1xjr_A_S000019,-32.7,0.0,9.95
8_1xjr_A_S000020,-4.9,0.0,10.76
9_1xjr_A_S000001,-56.9,0.0,8.30
9_1xjr_A_S000002,-46.1,0.0,9.50
9_1xjr_A_S000003,-43.1,0.0,9.36
9_1xjr_A_S000004,-56.8,0.0,8.92
9_1xjr_A_S000005,-53.8,0.0,9.23
9_1xjr_A_S000006,-36.9,0.0,10.55
9_1xjr_A_S000007,-47.9,0.0,8.50
9_1xjr_A_S000008,-39.7,0.0,8.68
9_1xjr_A_S000009,-28.1,0.0,8.93
9_1xjr_A_S000010,-43.6,0.0,10.74
9_1xjr_A_S000011,-62.8,0.0,9.33
9_1xjr_A_S000012,-42.6,0.0,9.86
9_1xjr_A_S000013,-53.6,0.0,10.20
9_1xjr_A_S000014,-36.9,0.0,9.72
9_1xjr_A_S000015,-54.7,0.0,9.47
9_1xjr_A_S000016,-44.9,0.0,9.89
9_1xjr_A_S000017,-39.7,0.0,9.75
9_1xjr_A_S000018,-30.5,0.0,8.82
9_1xjr_A_S000019,-34.6,0.0,9.55
9_1xjr_A_S000020,-43.9,0.0,8.05
