0_2qus_A_S000001,-76.5,0.0,19.44
0_2qus_A_S000002,-81.6,0.0,18.90
0_2qus_A_S000003,-74.3,0.0,13.87
0_2qus_A_S000004,-73.5,0.0,16.47
0_2qus_A_S000005,-71.8,0.0,16.41
0_2qus_A_S000006,-51.4,0.0,19.49
0_2qus_A_S000007,-24.8,0.0,19.19
0_2qus_A_S000008,-66.1,0.0,14.74
0_2qus_A_S000009,-75.6,0.0,17.25
0_2qus_A_S000010,-78.3,0.0,17.29
0_2qus_A_S000011,-63.5,0.0,11.85
0_2qus_A_S000012,-58.8,0.0,17.80
0_2qus_A_S000013,-23.9,0.0,19.71
0_2qus_A_S000014,-81.3,0.0,14.67
0_2qus_A_S000015,-43.6,0.0,21.56
0_2qus_A_S000016,-68.5,0.0,13.93
0_2qus_A_S000017,-58.0,0.0,21.81
0_2qus_A_S000018,-78.1,0.0,15.90
0_2qus_A_S000019,-50.3,0.0,15.86
0_2qus_A_S000020,-79.5,0.0,18.56
1_2qus_A_S000001,-65.1,0.0,20.52
1_2qus_A_S000002,-60.7,0.0,16.72
1_2qus_A_S000003,-87.0,0.0,13.88
1_2qus_A_S000004,-81.8,0.0,19.81
1_2qus_A_S000005,-73.6,0.0,19.57
1_2qus_A_S000006,-92.5,0.0,12.51
1_2qus_A_S000007,-94.3,0.0,10.22
1_2qus_A_S000008,-40.4,0.0,16.81
1_2qus_A_S000009,-74.7,0.0,14.33
1_2qus_A_S000010,-60.0,0.0,22.08
1_2qus_A_S000011,-81.6,0.0,18.30
1_2qus_A_S000012,-73.8,0.0,22.35
1_2qus_A_S000013,-73.3,0.0,16.04
1_2qus_A_S000014,-64.6,0.0,18.66
1_2qus_A_S000015,-57.8,0.0,13.69
1_2qus_A_S000016,-70.0,0.0,18.61
1_2qus_A_S000017,-77.1,0.0,15.56
1_2qus_A_S000018,-78.3,0.0,14.86
1_2qus_A_S000019,-73.4,0.0,14.72
1_2qus_A_S000020,-87.6,0.0,20.25
2_2qus_A_S000001,-61.2,0.0,19.90
2_2qus_A_S000002,-41.6,0.0,16.30
2_2qus_A_S000003,-89.6,0.0,15.11
2_2qus_A_S000004,-69.6,0.0,17.18
2_2qus_A_S000005,-25.3,0.0,16.09
2_2qus_A_S000006,-64.7,0.0,14.67
2_2qus_A_S000007,-84.2,0.0,17.21
2_2qus_A_S000008,-74.2,0.0,15.53
2_2qus_A_S000009,-55.8,0.0,18.67
2_2qus_A_S000010,-63.1,0.0,8.88
2_2qus_A_S000011,-66.1,0.0,15.83
2_2qus_A_S000012,-70.5,0.0,15.60
2_2qus_A_S000013,-48.1,0.0,18.87
2_2qus_A_S000014,-31.6,0.0,16.33
2_2qus_A_S000015,-61.6,0.0,19.46
2_2qus_A_S000016,-92.2,0.0,17.71
2_2qus_A_S000017,-87.2,0.0,21.16
2_2qus_A_S000018,-75.2,0.0,18.33
2_2qus_A_S000019,-64.4,0.0,19.73
2_2qus_A_S000020,-68.7,0.0,12.12
3_2qus_A_S000001,-77.0,0.0,17.06
3_2qus_A_S000002,-60.7,0.0,22.33
3_2qus_A_S000003,33.9,0.0,16.54
3_2qus_A_S000004,-66.4,0.0,19.39
3_2qus_A_S000005,-70.4,0.0,15.60
3_2qus_A_S000006,-67.9,0.0,17.04
3_2qus_A_S000007,-69.6,0.0,19.27
3_2qus_A_S000008,-73.0,0.0,18.65
3_2qus_A_S000009,-56.1,0.0,16.29
3_2qus_A_S000010,-50.0,0.0,18.52
3_2qus_A_S000011,-30.5,0.0,18.96
3_2qus_A_S000012,-79.1,0.0,18.77
3_2qus_A_S000013,-62.5,0.0,18.16
3_2qus_A_S000014,-48.0,0.0,17.65
3_2qus_A_S000015,-87.6,0.0,18.01
3_2qus_A_S000016,-72.4,0.0,17.05
3_2qus_A_S000017,-71.7,0.0,9.82
3_2qus_A_S000018,-76.1,0.0,14.26
3_2qus_A_S000019,-65.3,0.0,18.90
3_2qus_A_S000020,-74.2,0.0,16.93
4_2qus_A_S000001,-39.6,0.0,18.75
4_2qus_A_S000002,-59.4,0.0,16.14
4_2qus_A_S000003,-72.8,0.0,13.89
4_2qus_A_S000004,-34.2,0.0,16.00
4_2qus_A_S000005,-74.0,0.0,9.74
4_2qus_A_S000006,-58.2,0.0,18.94
4_2qus_A_S000007,-84.2,0.0,16.98
4_2qus_A_S000008,-57.7,0.0,19.15
4_2qus_A_S000009,-62.5,0.0,18.48
4_2qus_A_S000010,-83.6,0.0,15.56
4_2qus_A_S000011,-63.1,0.0,19.82
4_2qus_A_S000012,-32.0,0.0,18.24
4_2qus_A_S000013,-69.4,0.0,19.89
4_2qus_A_S000014,-83.4,0.0,18.98
4_2qus_A_S000015,-68.1,0.0,17.72
4_2qus_A_S000016,-80.2,0.0,17.48
4_2qus_A_S000017,-47.4,0.0,20.86
4_2qus_A_S000018,-54.2,0.0,20.05
4_2qus_A_S000019,-46.1,0.0,18.43
4_2qus_A_S000020,-87.9,0.0,18.83
5_2qus_A_S000001,-34.9,0.0,19.30
5_2qus_A_S000002,-59.1,0.0,18.47
5_2qus_A_S000003,-69.5,0.0,13.93
5_2qus_A_S000004,-69.9,0.0,13.61
5_2qus_A_S000005,-23.8,0.0,16.79
5_2qus_A_S000006,-56.0,0.0,11.40
5_2qus_A_S000007,-52.4,0.0,15.45
5_2qus_A_S000008,-76.0,0.0,17.46
5_2qus_A_S000009,-62.9,0.0,17.10
5_2qus_A_S000010,-52.0,0.0,18.27
5_2qus_A_S000011,-71.6,0.0,16.38
5_2qus_A_S000012,-67.6,0.0,17.09
5_2qus_A_S000013,-77.5,0.0,10.34
5_2qus_A_S000014,39.0,0.0,20.21
5_2qus_A_S000015,-39.4,0.0,11.57
5_2qus_A_S000016,-67.0,0.0,13.79
5_2qus_A_S000017,-29.6,0.0,15.20
5_2qus_A_S000018,-65.9,0.0,17.58
5_2qus_A_S000019,-53.9,0.0,11.95
5_2qus_A_S000020,-63.4,0.0,16.91
6_2qus_A_S000001,-71.6,0.0,13.38
6_2qus_A_S000002,-65.8,0.0,16.09
6_2qus_A_S000003,-69.2,0.0,15.69
6_2qus_A_S000004,-73.3,0.0,18.29
6_2qus_A_S000005,-75.5,0.0,12.78
6_2qus_A_S000006,-64.4,0.0,15.97
6_2qus_A_S000007,-82.8,0.0,18.52
6_2qus_A_S000008,-78.6,0.0,18.66
6_2qus_A_S000009,-57.3,0.0,17.84
6_2qus_A_S000010,-50.7,0.0,16.84
6_2qus_A_S000011,-87.2,0.0,12.71
6_2qus_A_S000012,-67.0,0.0,13.77
6_2qus_A_S000013,-54.2,0.0,19.66
6_2qus_A_S000014,-58.3,0.0,17.53
6_2qus_A_S000015,-64.3,0.0,20.22
6_2qus_A_S000016,-55.2,0.0,11.76
6_2qus_A_S000017,-57.0,0.0,17.01
6_2qus_A_S000018,-79.6,0.0,8.77
6_2qus_A_S000019,-89.3,0.0,17.97
6_2qus_A_S000020,-55.9,0.0,7.61
7_2qus_A_S000001,-68.8,0.0,21.29
7_2qus_A_S000002,-67.7,0.0,17.53
7_2qus_A_S000003,-76.1,0.0,16.08
7_2qus_A_S000004,-51.9,0.0,19.27
7_2qus_A_S000005,-65.2,0.0,20.46
7_2qus_A_S000006,-40.8,0.0,16.98
7_2qus_A_S000007,-82.3,0.0,14.84
7_2qus_A_S000008,-68.0,0.0,19.45
7_2qus_A_S000009,-79.4,0.0,11.73
7_2qus_A_S000010,-41.9,0.0,10.82
7_2qus_A_S000011,-81.9,0.0,12.39
7_2qus_A_S000012,-40.8,0.0,19.62
7_2qus_A_S000013,-51.0,0.0,15.66
7_2qus_A_S000014,-65.8,0.0,16.71
7_2qus_A_S000015,-61.3,0.0,20.25
7_2qus_A_S000016,-73.2,0.0,16.17
7_2qus_A_S000017,-76.3,0.0,8.08
7_2qus_A_S000018,-73.9,0.0,20.23
7_2qus_A_S000019,-75.5,0.0,15.37
7_2qus_A_S000020,-68.2,0.0,15.33
8_2qus_A_S000001,-78.7,0.0,17.83
8_2qus_A_S000002,-68.1,0.0,15.60
8_2qus_A_S000003,-54.2,0.0,19.06
8_2qus_A_S000004,-44.5,0.0,20.17
8_2qus_A_S000005,-33.4,0.0,21.76
8_2qus_A_S000006,-78.3,0.0,16.32
8_2qus_A_S000007,-84.1,0.0,16.68
8_2qus_A_S000008,-75.1,0.0,20.31
8_2qus_A_S000009,-62.5,0.0,16.69
8_2qus_A_S000010,-43.7,0.0,20.29
8_2qus_A_S000011,-43.1,0.0,17.20
8_2qus_A_S000012,-73.1,0.0,20.98
8_2qus_A_S000013,-56.0,0.0,17.27
8_2qus_A_S000014,-77.9,0.0,15.22
8_2qus_A_S000015,-34.7,0.0,20.93
8_2qus_A_S000016,-54.7,0.0,16.31
8_2qus_A_S000017,-46.2,0.0,20.87
8_2qus_A_S000018,-69.0,0.0,15.41
8_2qus_A_S000019,-60.9,0.0,13.92
8_2qus_A_S000020,-67.7,0.0,20.72
9_2qus_A_S000001,-56.8,0.0,17.72
9_2qus_A_S000002,-52.6,0.0,17.16
9_2qus_A_S000003,-69.5,0.0,18.84
9_2qus_A_S000004,-52.7,0.0,21.11
9_2qus_A_S000005,-49.7,0.0,16.61
9_2qus_A_S000006,-91.1,0.0,14.69
9_2qus_A_S000007,-36.3,0.0,19.28
9_2qus_A_S000008,-45.7,0.0,18.26
9_2qus_A_S000009,-72.8,0.0,17.97
9_2qus_A_S000010,-55.2,0.0,16.78
9_2qus_A_S000011,-68.8,0.0,18.11
9_2qus_A_S000012,-75.0,0.0,16.38
9_2qus_A_S000013,-70.6,0.0,16.73
9_2qus_A_S000014,-78.6,0.0,13.72
9_2qus_A_S000015,-66.4,0.0,20.39
9_2qus_A_S000016,-61.3,0.0,16.07
9_2qus_A_S000017,32.6,0.0,17.44
9_2qus_A_S000018,-78.9,0.0,20.32
9_2qus_A_S000019,-67.2,0.0,16.58
9_2qus_A_S000020,-69.8,0.0,19.66
