0_3q3z_A_S000001,-29.3,0.0,25.87
0_3q3z_A_S000002,-64.3,0.0,26.03
0_3q3z_A_S000003,-42.0,0.0,25.51
0_3q3z_A_S000004,-57.4,0.0,19.95
0_3q3z_A_S000005,-60.1,0.0,25.57
0_3q3z_A_S000006,-51.9,0.0,29.77
0_3q3z_A_S000007,12.8,0.0,27.57
0_3q3z_A_S000008,-50.6,0.0,28.30
0_3q3z_A_S000009,-22.4,0.0,21.86
0_3q3z_A_S000010,-43.3,0.0,18.93
0_3q3z_A_S000011,12.7,0.0,19.99
0_3q3z_A_S000012,-53.8,0.0,30.22
0_3q3z_A_S000013,-79.1,0.0,18.29
0_3q3z_A_S000014,-63.1,0.0,25.57
0_3q3z_A_S000015,-44.6,0.0,21.45
0_3q3z_A_S000016,-12.2,0.0,28.02
0_3q3z_A_S000017,-56.5,0.0,30.88
0_3q3z_A_S000018,-70.2,0.0,26.20
0_3q3z_A_S000019,-55.3,0.0,20.85
0_3q3z_A_S000020,8.6,0.0,23.74
1_3q3z_A_S000001,-71.6,0.0,24.10
1_3q3z_A_S000002,-30.0,0.0,18.45
1_3q3z_A_S000003,-63.0,0.0,25.31
1_3q3z_A_S000004,-23.6,0.0,23.81
1_3q3z_A_S000005,-50.0,0.0,18.14
1_3q3z_A_S000006,-10.6,0.0,17.42
1_3q3z_A_S000007,-62.5,0.0,25.69
1_3q3z_A_S000008,-48.4,0.0,18.73
1_3q3z_A_S000009,-51.8,0.0,22.05
1_3q3z_A_S000010,-68.0,0.0,31.65
1_3q3z_A_S000011,-57.2,0.0,33.36
1_3q3z_A_S000012,-59.7,0.0,22.16
1_3q3z_A_S000013,-14.9,0.0,22.14
1_3q3z_A_S000014,-63.4,0.0,24.34
1_3q3z_A_S000015,-44.8,0.0,31.71
1_3q3z_A_S000016,-62.8,0.0,22.21
1_3q3z_A_S000017,-71.0,0.0,20.71
1_3q3z_A_S000018,-27.1,0.0,29.50
1_3q3z_A_S000019,-66.1,0.0,23.95
1_3q3z_A_S000020,-65.6,0.0,21.31
2_3q3z_A_S000001,108.7,0.0,30.56
2_3q3z_A_S000002,-50.7,0.0,21.39
2_3q3z_A_S000003,42.3,0.0,32.32
2_3q3z_A_S000004,19.0,0.0,22.41
2_3q3z_A_S000005,-55.0,0.0,17.07
2_3q3z_A_S000006,-48.5,0.0,26.21
2_3q3z_A_S000007,-26.3,0.0,30.01
2_3q3z_A_S000008,-87.9,0.0,31.59
2_3q3z_A_S000009,-26.8,0.0,23.34
2_3q3z_A_S000010,-56.3,0.0,22.38
2_3q3z_A_S000011,-43.8,0.0,31.45
2_3q3z_A_S000012,0.1,0.0,20.22
2_3q3z_A_S000013,-61.7,0.0,19.94
2_3q3z_A_S000014,-24.2,0.0,26.12
2_3q3z_A_S000015,-33.1,0.0,21.04
2_3q3z_A_S000016,-78.8,0.0,17.69
2_3q3z_A_S000017,-49.9,0.0,21.82
2_3q3z_A_S000018,-54.5,0.0,22.84
2_3q3z_A_S000019,-60.1,0.0,30.43
2_3q3z_A_S000020,-43.5,0.0,26.51
3_3q3z_A_S000001,-66.9,0.0,23.42
3_3q3z_A_S000002,-65.1,0.0,28.61
3_3q3z_A_S000003,-64.9,0.0,27.21
3_3q3z_A_S000004,-42.6,0.0,28.66
3_3q3z_A_S000005,-70.0,0.0,23.31
3_3q3z_A_S000006,-47.1,0.0,19.86
3_3q3z_A_S000007,-19.0,0.0,19.30
3_3q3z_A_S000008,-1.5,0.0,23.79
3_3q3z_A_S000009,-3.2,0.0,25.58
3_3q3z_A_S000010,-77.7,0.0,22.97
3_3q3z_A_S000011,-33.4,0.0,31.97
3_3q3z_A_S000012,-60.8,0.0,17.46
3_3q3z_A_S000013,-51.5,0.0,28.11
3_3q3z_A_S000014,-74.0,0.0,16.75
3_3q3z_A_S000015,-48.2,0.0,26.16
3_3q3z_A_S000016,-30.5,0.0,32.87
3_3q3z_A_S000017,-31.6,0.0,20.22
3_3q3z_A_S000018,-32.9,0.0,31.69
3_3q3z_A_S000019,-42.9,0.0,22.09
3_3q3z_A_S000020,-33.3,0.0,23.49
4_3q3z_A_S000001,-60.5,0.0,24.97
4_3q3z_A_S000002,-56.4,0.0,30.59
4_3q3z_A_S000003,-57.9,0.0,24.25
4_3q3z_A_S000004,6.8,0.0,22.65
4_3q3z_A_S000005,16.0,0.0,17.38
4_3q3z_A_S000006,-73.5,0.0,18.78
4_3q3z_A_S000007,-30.7,0.0,24.07
4_3q3z_A_S000008,-68.0,0.0,22.30
4_3q3z_A_S000009,-64.7,0.0,27.42
4_3q3z_A_S000010,-32.1,0.0,28.55
4_3q3z_A_S000011,-66.5,0.0,22.88
4_3q3z_A_S000012,-79.9,0.0,18.77
4_3q3z_A_S000013,-47.7,0.0,18.70
4_3q3z_A_S000014,-38.6,0.0,24.31
4_3q3z_A_S000015,-51.1,0.0,26.00
4_3q3z_A_S000016,-71.8,0.0,21.11
4_3q3z_A_S000017,-37.1,0.0,25.70
4_3q3z_A_S000018,-57.1,0.0,20.36
4_3q3z_A_S000019,-82.5,0.0,22.51
4_3q3z_A_S000020,-22.2,0.0,22.83
5_3q3z_A_S000001,-10.5,0.0,25.58
5_3q3z_A_S000002,-55.2,0.0,27.83
5_3q3z_A_S000003,-27.9,0.0,25.99
5_3q3z_A_S000004,-32.1,0.0,27.16
5_3q3z_A_S000005,-75.9,0.0,19.86
5_3q3z_A_S000006,-58.5,0.0,23.20
5_3q3z_A_S000007,-25.4,0.0,31.20
5_3q3z_A_S000008,-78.9,0.0,17.54
5_3q3z_A_S000009,5.2,0.0,20.76
5_3q3z_A_S000010,-42.8,0.0,27.02
5_3q3z_A_S000011,-63.2,0.0,23.53
5_3q3z_A_S000012,-50.7,0.0,19.01
5_3q3z_A_S000013,-81.4,0.0,19.38
5_3q3z_A_S000014,-75.9,0.0,29.88
5_3q3z_A_S000015,-23.1,0.0,29.08
5_3q3z_A_S000016,-64.5,0.0,30.67
5_3q3z_A_S000017,-66.4,0.0,26.80
5_3q3z_A_S000018,-70.9,0.0,29.57
5_3q3z_A_S000019,-31.9,0.0,26.21
5_3q3z_A_S000020,-42.5,0.0,31.13
6_3q3z_A_S000001,-34.0,0.0,22.32
6_3q3z_A_S000002,-63.1,0.0,29.36
6_3q3z_A_S000003,-62.2,0.0,26.65
6_3q3z_A_S000004,-54.3,0.0,24.28
6_3q3z_A_S000005,-39.6,0.0,26.00
6_3q3z_A_S000006,-14.6,0.0,20.96
6_3q3z_A_S000007,-64.1,0.0,24.10
6_3q3z_A_S000008,-16.8,0.0,19.17
6_3q3z_A_S000009,15.1,0.0,18.36
6_3q3z_A_S000010,-43.2,0.0,29.08
6_3q3z_A_S000011,-68.1,0.0,22.63
6_3q3z_A_S000012,-22.2,0.0,24.42
6_3q3z_A_S000013,-38.6,0.0,24.32
6_3q3z_A_S000014,-3.5,0.0,20.11
6_3q3z_A_S000015,-31.8,0.0,22.56
6_3q3z_A_S000016,-72.4,0.0,27.24
6_3q3z_A_S000017,-28.1,0.0,24.21
6_3q3z_A_S000018,-64.4,0.0,28.80
6_3q3z_A_S000019,-28.2,0.0,22.33
6_3q3z_A_S000020,-69.0,0.0,29.53
7_3q3z_A_S000001,13.1,0.0,25.21
7_3q3z_A_S000002,-49.6,0.0,19.75
7_3q3z_A_S000003,-79.6,0.0,30.97
7_3q3z_A_S000004,-26.9,0.0,24.61
7_3q3z_A_S000005,-64.0,0.0,22.23
7_3q3z_A_S000006,-62.1,0.0,31.07
7_3q3z_A_S000007,-40.8,0.0,24.66
7_3q3z_A_S000008,-12.0,0.0,20.33
7_3q3z_A_S000009,-14.4,0.0,33.03
7_3q3z_A_S000010,-64.2,0.0,19.60
7_3q3z_A_S000011,-6.8,0.0,23.93
7_3q3z_A_S000012,-55.0,0.0,23.90
7_3q3z_A_S000013,-44.3,0.0,23.26
7_3q3z_A_S000014,-10.1,0.0,17.47
7_3q3z_A_S000015,-57.5,0.0,23.66
7_3q3z_A_S000016,-63.4,0.0,29.64
7_3q3z_A_S000017,-61.7,0.0,24.67
7_3q3z_A_S000018,-37.8,0.0,20.38
7_3q3z_A_S000019,-32.4,0.0,25.54
7_3q3z_A_S000020,-22.8,0.0,21.23
8_3q3z_A_S000001,-54.8,0.0,24.78
8_3q3z_A_S000002,-42.9,0.0,27.40
8_3q3z_A_S000003,-38.2,0.0,28.31
8_3q3z_A_S000004,40.2,0.0,28.77
8_3q3z_A_S000005,-47.6,0.0,15.99
8_3q3z_A_S000006,6.1,0.0,21.14
8_3q3z_A_S000007,-46.0,0.0,22.19
8_3q3z_A_S000008,-53.2,0.0,23.77
8_3q3z_A_S000009,-51.9,0.0,28.12
8_3q3z_A_S000010,-20.3,0.0,21.56
8_3q3z_A_S000011,1.9,0.0,25.47
8_3q3z_A_S000012,-40.6,0.0,20.49
8_3q3z_A_S000013,-44.8,0.0,28.65
8_3q3z_A_S000014,-69.8,0.0,17.66
8_3q3z_A_S000015,-47.9,0.0,23.06
8_3q3z_A_S000016,-27.2,0.0,29.75
8_3q3z_A_S000017,-22.7,0.0,23.53
8_3q3z_A_S000018,-52.0,0.0,21.37
8_3q3z_A_S000019,-58.4,0.0,21.10
8_3q3z_A_S000020,-47.5,0.0,18.79
9_3q3z_A_S000001,-38.0,0.0,17.09
9_3q3z_A_S000002,-14.8,0.0,28.34
9_3q3z_A_S000003,-24.0,0.0,23.80
9_3q3z_A_S000004,-47.9,0.0,29.77
9_3q3z_A_S000005,-67.4,0.0,16.59
9_3q3z_A_S000006,-57.9,0.0,21.94
9_3q3z_A_S000007,-57.0,0.0,25.93
9_3q3z_A_S000008,4.2,0.0,21.34
9_3q3z_A_S000009,-41.9,0.0,26.00
9_3q3z_A_S000010,-36.5,0.0,19.04
9_3q3z_A_S000011,-12.8,0.0,28.50
9_3q3z_A_S000012,-35.9,0.0,28.86
9_3q3z_A_S000013,-68.0,0.0,28.81
9_3q3z_A_S000014,-69.1,0.0,20.93
9_3q3z_A_S000015,-51.6,0.0,20.00
9_3q3z_A_S000016,-2.7,0.0,29.55
9_3q3z_A_S000017,-50.1,0.0,26.32
9_3q3z_A_S000018,-19.3,0.0,23.39
9_3q3z_A_S000019,-42.3,0.0,24.51
9_3q3z_A_S000020,-10.9,0.0,21.93
