0_3slm_A_S000001,-65.4,0.0,12.98
0_3slm_A_S000002,-65.0,0.0,11.91
0_3slm_A_S000003,-69.7,0.0,20.84
0_3slm_A_S000004,-60.1,0.0,19.11
0_3slm_A_S000005,-70.4,0.0,10.62
0_3slm_A_S000006,-52.2,0.0,21.15
0_3slm_A_S000007,-73.3,0.0,13.63
0_3slm_A_S000008,-72.2,0.0,17.28
0_3slm_A_S000009,-75.8,0.0,20.80
0_3slm_A_S000010,8.0,0.0,19.03
0_3slm_A_S000011,-73.8,0.0,19.57
0_3slm_A_S000012,-56.9,0.0,16.45
0_3slm_A_S000013,-46.9,0.0,14.13
0_3slm_A_S000014,-80.0,0.0,13.18
0_3slm_A_S000015,-71.0,0.0,15.88
0_3slm_A_S000016,-51.5,0.0,16.29
0_3slm_A_S000017,-58.4,0.0,14.40
0_3slm_A_S000018,-64.2,0.0,13.55
0_3slm_A_S000019,-69.2,0.0,20.49
0_3slm_A_S000020,-63.0,0.0,18.94
1_3slm_A_S000001,-61.4,0.0,13.15
1_3slm_A_S000002,-76.7,0.0,15.14
1_3slm_A_S000003,-72.6,0.0,17.77
1_3slm_A_S000004,-71.4,0.0,17.90
1_3slm_A_S000005,-57.9,0.0,19.17
1_3slm_A_S000006,-54.1,0.0,11.76
1_3slm_A_S000007,-65.2,0.0,18.00
1_3slm_A_S000008,-68.8,0.0,18.66
1_3slm_A_S000009,-65.5,0.0,18.22
1_3slm_A_S000010,-72.4,0.0,17.51
1_3slm_A_S000011,-74.5,0.0,16.74
1_3slm_A_S000012,-59.7,0.0,14.06
1_3slm_A_S000013,-79.4,0.0,18.72
1_3slm_A_S000014,-83.1,0.0,20.42
1_3slm_A_S000015,-49.6,0.0,17.61
1_3slm_A_S000016,-19.6,0.0,20.02
1_3slm_A_S000017,-58.6,0.0,18.10
1_3slm_A_S000018,-65.4,0.0,14.44
1_3slm_A_S000019,-65.5,0.0,19.40
1_3slm_A_S000020,-48.5,0.0,19.32
2_3slm_A_S000001,-70.5,0.0,17.99
2_3slm_A_S000002,-29.1,0.0,18.28
2_3slm_A_S000003,-60.6,0.0,9.35
2_3slm_A_S000004,-59.6,0.0,20.03
2_3slm_A_S000005,-50.5,0.0,11.62
2_3slm_A_S000006,-8.0,0.0,13.56
2_3slm_A_S000007,-79.0,0.0,17.32
2_3slm_A_S000008,-86.5,0.0,19.04
2_3slm_A_S000009,-74.5,0.0,10.00
2_3slm_A_S000010,-39.1,0.0,11.62
2_3slm_A_S000011,-65.3,0.0,12.36
2_3slm_A_S000012,-48.2,0.0,11.04
2_3slm_A_S000013,-51.4,0.0,16.47
2_3slm_A_S000014,-54.2,0.0,19.39
2_3slm_A_S000015,-72.4,0.0,21.70
2_3slm_A_S000016,-59.3,0.0,18.74
2_3slm_A_S000017,-67.1,0.0,11.47
2_3slm_A_S000018,-54.5,0.0,23.04
2_3slm_A_S000019,-66.7,0.0,17.77
2_3slm_A_S000020,-67.1,0.0,17.15
3_3slm_A_S000001,-67.6,0.0,11.95
3_3slm_A_S000002,-38.7,0.0,17.68
3_3slm_A_S000003,-69.1,0.0,20.09
3_3slm_A_S000004,-59.0,0.0,19.38
3_3slm_A_S000005,-64.9,0.0,17.98
3_3slm_A_S000006,-77.3,0.0,18.03
3_3slm_A_S000007,-64.7,0.0,16.32
3_3slm_A_S000008,-75.4,0.0,19.43
3_3slm_A_S000009,-82.4,0.0,14.07
3_3slm_A_S000010,-55.7,0.0,17.85
3_3slm_A_S000011,-63.0,0.0,13.41
3_3slm_A_S000012,-63.2,0.0,17.20
3_3slm_A_S000013,-71.9,0.0,18.37
3_3slm_A_S000014,-65.7,0.0,16.03
3_3slm_A_S000015,-57.4,0.0,16.11
3_3slm_A_S000016,-91.8,0.0,17.68
3_3slm_A_S000017,-57.2,0.0,14.06
3_3slm_A_S000018,-63.5,0.0,17.23
3_3slm_A_S000019,-61.5,0.0,14.60
3_3slm_A_S000020,-52.6,0.0,10.94
4_3slm_A_S000001,-69.4,0.0,19.93
4_3slm_A_S000002,-73.5,0.0,15.34
4_3slm_A_S000003,-64.8,0.0,16.75
4_3slm_A_S000004,-71.5,0.0,10.28
4_3slm_A_S000005,-73.3,0.0,20.69
4_3slm_A_S000006,-74.5,0.0,17.00
4_3slm_A_S000007,-66.1,0.0,19.18
4_3slm_A_S000008,-55.8,0.0,14.36
4_3slm_A_S000009,-54.4,0.0,17.12
4_3slm_A_S000010,-68.5,0.0,18.08
4_3slm_A_S000011,-69.4,0.0,17.13
4_3slm_A_S000012,-66.9,0.0,21.05
4_3slm_A_S000013,-59.6,0.0,22.04
4_3slm_A_S000014,-46.5,0.0,18.34
4_3slm_A_S000015,-78.8,0.0,18.80
4_3slm_A_S000016,-76.0,0.0,17.62
4_3slm_A_S000017,-56.7,0.0,17.78
4_3slm_A_S000018,-62.9,0.0,12.60
4_3slm_A_S000019,-78.3,0.0,18.43
4_3slm_A_S000020,5.1,0.0,15.70
5_3slm_A_S000001,-71.5,0.0,16.73
5_3slm_A_S000002,-64.7,0.0,9.89
5_3slm_A_S000003,-63.0,0.0,16.46
5_3slm_A_S000004,-67.9,0.0,20.29
5_3slm_A_S000005,-38.0,0.0,22.26
5_3slm_A_S000006,-57.3,0.0,17.94
5_3slm_A_S000007,-76.7,0.0,11.14
5_3slm_A_S000008,-32.0,0.0,18.54
5_3slm_A_S000009,-62.0,0.0,13.15
5_3slm_A_S000010,-67.8,0.0,19.19
5_3slm_A_S000011,-37.9,0.0,18.94
5_3slm_A_S000012,-56.4,0.0,20.80
5_3slm_A_S000013,-66.1,0.0,16.46
5_3slm_A_S000014,-71.1,0.0,19.75
5_3slm_A_S000015,-65.4,0.0,11.94
5_3slm_A_S000016,-78.8,0.0,16.88
5_3slm_A_S000017,-80.0,0.0,11.76
5_3slm_A_S000018,-52.9,0.0,18.14
5_3slm_A_S000019,-70.3,0.0,18.70
5_3slm_A_S000020,-57.7,0.0,19.62
6_3slm_A_S000001,-60.1,0.0,16.66
6_3slm_A_S000002,-62.1,0.0,14.15
6_3slm_A_S000003,-80.2,0.0,14.42
6_3slm_A_S000004,-78.6,0.0,18.17
6_3slm_A_S000005,-69.5,0.0,16.58
6_3slm_A_S000006,-69.4,0.0,20.38
6_3slm_A_S000007,-76.3,0.0,14.05
6_3slm_A_S000008,-59.6,0.0,14.72
6_3slm_A_S000009,78.5,0.0,23.22
6_3slm_A_S000010,-74.6,0.0,13.70
6_3slm_A_S000011,-65.1,0.0,18.03
6_3slm_A_S000012,-69.9,0.0,17.74
6_3slm_A_S000013,-41.5,0.0,18.72
6_3slm_A_S000014,-36.8,0.0,23.73
6_3slm_A_S000015,-61.6,0.0,16.86
6_3slm_A_S000016,-72.4,0.0,16.66
6_3slm_A_S000017,-48.7,0.0,16.31
6_3slm_A_S000018,-60.0,0.0,15.64
6_3slm_A_S000019,-77.1,0.0,18.63
6_3slm_A_S000020,-68.4,0.0,12.76
7_3slm_A_S000001,-71.7,0.0,17.03
7_3slm_A_S000002,-66.8,0.0,14.70
7_3slm_A_S000003,-64.2,0.0,14.18
7_3slm_A_S000004,-62.8,0.0,14.15
7_3slm_A_S000005,-67.0,0.0,21.90
7_3slm_A_S000006,-78.5,0.0,21.10
7_3slm_A_S000007,-61.2,0.0,15.15
7_3slm_A_S000008,-32.5,0.0,18.28
7_3slm_A_S000009,-79.6,0.0,21.79
7_3slm_A_S000010,-54.2,0.0,19.48
7_3slm_A_S000011,-42.2,0.0,14.80
7_3slm_A_S000012,-77.0,0.0,18.43
7_3slm_A_S000013,-63.8,0.0,16.74
7_3slm_A_S000014,-65.3,0.0,16.19
7_3slm_A_S000015,-47.1,0.0,12.34
7_3slm_A_S000016,-45.2,0.0,19.45
7_3slm_A_S000017,-46.4,0.0,10.93
7_3slm_A_S000018,-59.6,0.0,17.27
7_3slm_A_S000019,-81.0,0.0,16.83
7_3slm_A_S000020,-88.6,0.0,16.51
8_3slm_A_S000001,-69.1,0.0,19.02
8_3slm_A_S000002,-70.6,0.0,17.75
8_3slm_A_S000003,-69.3,0.0,22.17
8_3slm_A_S000004,-61.0,0.0,19.02
8_3slm_A_S000005,-73.1,0.0,17.99
8_3slm_A_S000006,-66.1,0.0,18.51
8_3slm_A_S000007,-4.6,0.0,18.35
8_3slm_A_S000008,-73.3,0.0,14.52
8_3slm_A_S000009,-64.7,0.0,18.87
8_3slm_A_S000010,-70.3,0.0,16.15
8_3slm_A_S000011,-78.4,0.0,13.59
8_3slm_A_S000012,-66.4,0.0,13.46
8_3slm_A_S000013,-59.3,0.0,15.41
8_3slm_A_S000014,-82.3,0.0,16.79
8_3slm_A_S000015,-65.6,0.0,13.44
8_3slm_A_S000016,-63.4,0.0,14.99
8_3slm_A_S000017,-61.2,0.0,12.26
8_3slm_A_S000018,-75.1,0.0,16.78
8_3slm_A_S000019,-61.9,0.0,19.42
8_3slm_A_S000020,-11.2,0.0,21.10
9_3slm_A_S000001,-61.5,0.0,12.09
9_3slm_A_S000002,-61.5,0.0,18.09
9_3slm_A_S000003,-77.0,0.0,17.86
9_3slm_A_S000004,-58.6,0.0,18.86
9_3slm_A_S000005,-68.6,0.0,16.67
9_3slm_A_S000006,-23.7,0.0,19.93
9_3slm_A_S000007,-70.2,0.0,17.13
9_3slm_A_S000008,-69.1,0.0,16.69
9_3slm_A_S000009,-79.3,0.0,13.76
9_3slm_A_S000010,-65.6,0.0,13.29
9_3slm_A_S000011,-58.3,0.0,10.41
9_3slm_A_S000012,-74.3,0.0,10.37
9_3slm_A_S000013,-68.6,0.0,19.87
9_3slm_A_S000014,-38.7,0.0,19.31
9_3slm_A_S000015,-59.2,0.0,14.08
9_3slm_A_S000016,-63.2,0.0,17.45
9_3slm_A_S000017,-43.8,0.0,15.36
9_3slm_A_S000018,-14.5,0.0,12.01
9_3slm_A_S000019,-77.3,0.0,11.18
9_3slm_A_S000020,-75.4,0.0,18.90
