0_4mgn_A_S000001,-69.5,0.0,19.83
0_4mgn_A_S000002,-74.9,0.0,13.20
0_4mgn_A_S000003,-103.4,0.0,15.29
0_4mgn_A_S000004,-102.3,0.0,11.27
0_4mgn_A_S000005,-56.3,0.0,14.15
0_4mgn_A_S000006,-85.3,0.0,19.01
0_4mgn_A_S000007,-61.7,0.0,16.81
0_4mgn_A_S000008,-95.9,0.0,18.14
0_4mgn_A_S000009,-94.9,0.0,17.22
0_4mgn_A_S000010,-74.2,0.0,10.90
0_4mgn_A_S000011,-94.2,0.0,15.39
0_4mgn_A_S000012,-62.0,0.0,15.52
0_4mgn_A_S000013,18.2,0.0,17.70
0_4mgn_A_S000014,-99.2,0.0,12.13
0_4mgn_A_S000015,-79.9,0.0,17.98
0_4mgn_A_S000016,-107.8,0.0,10.75
0_4mgn_A_S000017,-98.3,0.0,12.47
0_4mgn_A_S000018,-80.1,0.0,15.59
0_4mgn_A_S000019,-93.0,0.0,8.64
0_4mgn_A_S000020,-109.1,0.0,14.88
1_4mgn_A_S000001,-84.9,0.0,9.05
1_4mgn_A_S000002,-45.8,0.0,13.11
1_4mgn_A_S000003,-82.5,0.0,11.49
1_4mgn_A_S000004,-100.0,0.0,16.13
1_4mgn_A_S000005,-70.6,0.0,18.54
1_4mgn_A_S000006,-82.4,0.0,13.42
1_4mgn_A_S000007,-66.6,0.0,16.03
1_4mgn_A_S000008,-116.1,0.0,16.95
1_4mgn_A_S000009,-88.3,0.0,14.34
1_4mgn_A_S000010,-91.1,0.0,14.47
1_4mgn_A_S000011,-91.7,0.0,14.12
1_4mgn_A_S000012,-117.4,0.0,18.63
1_4mgn_A_S000013,-82.4,0.0,12.27
1_4mgn_A_S000014,-91.0,0.0,14.80
1_4mgn_A_S000015,-12.3,0.0,14.28
1_4mgn_A_S000016,-100.1,0.0,14.43
1_4mgn_A_S000017,-49.4,0.0,15.64
1_4mgn_A_S000018,-67.9,0.0,13.27
1_4mgn_A_S000019,-66.2,0.0,13.80
1_4mgn_A_S000020,-55.2,0.0,18.85
2_4mgn_A_S000001,-81.9,0.0,10.24
2_4mgn_A_S000002,-84.2,0.0,18.18
2_4mgn_A_S000003,-88.7,0.0,19.37
2_4mgn_A_S000004,-54.5,0.0,10.35
2_4mgn_A_S000005,-118.1,0.0,16.39
2_4mgn_A_S000006,-86.8,0.0,18.74
2_4mgn_A_S000007,-68.4,0.0,18.88
2_4mgn_A_S000008,-54.7,0.0,16.46
2_4mgn_A_S000009,-80.6,0.0,11.94
2_4mgn_A_S000010,-79.5,0.0,17.58
2_4mgn_A_S000011,-116.1,0.0,17.86
2_4mgn_A_S000012,-115.8,0.0,17.75
2_4mgn_A_S000013,-107.4,0.0,20.34
2_4mgn_A_S000014,-103.0,0.0,18.05
2_4mgn_A_S000015,-44.7,0.0,10.84
2_4mgn_A_S000016,-105.3,0.0,14.49
2_4mgn_A_S000017,-99.9,0.0,11.15
2_4mgn_A_S000018,-48.4,0.0,14.08
2_4mgn_A_S000019,-42.8,0.0,19.01
2_4mgn_A_S000020,-82.5,0.0,15.84
3_4mgn_A_S000001,-78.0,0.0,19.53
3_4mgn_A_S000002,-70.0,0.0,12.71
3_4mgn_A_S000003,-21.2,0.0,11.83
3_4mgn_A_S000004,-93.5,0.0,20.07
3_4mgn_A_S000005,-52.8,0.0,10.14
3_4mgn_A_S000006,-56.1,0.0,11.38
3_4mgn_A_S000007,-47.9,0.0,14.34
3_4mgn_A_S000008,-106.7,0.0,15.75
3_4mgn_A_S000009,-76.0,0.0,18.97
3_4mgn_A_S000010,-79.4,0.0,11.94
3_4mgn_A_S000011,-88.6,0.0,17.48
3_4mgn_A_S000012,-97.5,0.0,17.72
3_4mgn_A_S000013,-103.2,0.0,10.64
3_4mgn_A_S000014,-93.8,0.0,14.26
3_4mgn_A_S000015,-101.6,0.0,14.44
3_4mgn_A_S000016,-96.9,0.0,17.97
3_4mgn_A_S000017,-88.0,0.0,19.36
3_4mgn_A_S000018,-109.5,0.0,19.08
3_4mgn_A_S000019,-78.8,0.0,18.26
3_4mgn_A_S000020,-73.3,0.0,13.62
4_4mgn_A_S000001,-65.2,0.0,18.22
4_4mgn_A_S000002,-70.3,0.0,17.58
4_4mgn_A_S000003,-37.4,0.0,16.84
4_4mgn_A_S000004,-57.0,0.0,14.97
4_4mgn_A_S000005,-103.8,0.0,13.27
4_4mgn_A_S000006,-104.6,0.0,18.83
4_4mgn_A_S000007,-34.5,0.0,18.79
4_4mgn_A_S000008,-57.2,0.0,18.24
4_4mgn_A_S000009,-98.1,0.0,16.63
4_4mgn_A_S000010,-92.9,0.0,14.96
4_4mgn_A_S000011,-107.5,0.0,10.30
4_4mgn_A_S000012,-83.4,0.0,12.29
4_4mgn_A_S000013,-95.9,0.0,20.27
4_4mgn_A_S000014,-71.5,0.0,17.04
4_4mgn_A_S000015,-101.3,0.0,14.72
4_4mgn_A_S000016,-95.5,0.0,17.13
4_4mgn_A_S000017,-97.3,0.0,16.41
4_4mgn_A_S000018,-91.3,0.0,13.77
4_4mgn_A_S000019,-101.7,0.0,19.96
4_4mgn_A_S000020,-109.7,0.0,18.61
5_4mgn_A_S000001,-54.4,0.0,15.52
5_4mgn_A_S000002,-58.2,0.0,18.16
5_4mgn_A_S000003,-130.1,0.0,18.69
5_4mgn_A_S000004,69.2,0.0,10.74
5_4mgn_A_S000005,-77.8,0.0,10.72
5_4mgn_A_S000006,-44.1,0.0,10.73
5_4mgn_A_S000007,-85.7,0.0,12.43
5_4mgn_A_S000008,-86.3,0.0,17.62
5_4mgn_A_S000009,-84.7,0.0,17.30
5_4mgn_A_S000010,-105.6,0.0,18.41
5_4mgn_A_S000011,-95.6,0.0,19.39
5_4mgn_A_S000012,-67.0,0.0,17.84
5_4mgn_A_S000013,-70.4,0.0,19.05
5_4mgn_A_S000014,-100.8,0.0,19.14
5_4mgn_A_S000015,-65.9,0.0,19.78
5_4mgn_A_S000016,-115.9,0.0,16.91
5_4mgn_A_S000017,-67.7,0.0,13.70
5_4mgn_A_S000018,-65.3,0.0,11.73
5_4mgn_A_S000019,-75.0,0.0,13.08
5_4mgn_A_S000020,-40.5,0.0,19.47
6_4mgn_A_S000001,-105.7,0.0,9.98
6_4mgn_A_S000002,-81.3,0.0,15.72
6_4mgn_A_S000003,-115.7,0.0,18.20
6_4mgn_A_S000004,-100.3,0.0,19.45
6_4mgn_A_S000005,-30.7,0.0,15.45
6_4mgn_A_S000006,-87.8,0.0,11.55
6_4mgn_A_S000007,-83.9,0.0,10.70
6_4mgn_A_S000008,-101.0,0.0,15.38
6_4mgn_A_S000009,-86.0,0.0,16.47
6_4mgn_A_S000010,-119.8,0.0,17.28
6_4mgn_A_S000011,-98.8,0.0,12.21
6_4mgn_A_S000012,-85.4,0.0,15.77
6_4mgn_A_S000013,-87.3,0.0,10.50
6_4mgn_A_S000014,-85.6,0.0,13.38
6_4mgn_A_S000015,-109.9,0.0,15.17
6_4mgn_A_S000016,-106.6,0.0,9.94
6_4mgn_A_S000017,-91.4,0.0,17.45
6_4mgn_A_S000018,-88.3,0.0,13.22
6_4mgn_A_S000019,-90.9,0.0,19.51
6_4mgn_A_S000020,-75.7,0.0,15.96
7_4mgn_A_S000001,-83.2,0.0,12.75
7_4mgn_A_S000002,-63.1,0.0,12.10
7_4mgn_A_S000003,-102.3,0.0,12.66
7_4mgn_A_S000004,-16.4,0.0,9.20
7_4mgn_A_S000005,-95.1,0.0,10.77
7_4mgn_A_S000006,-108.0,0.0,19.46
7_4mgn_A_S000007,-77.7,0.0,15.45
7_4mgn_A_S000008,-56.2,0.0,16.29
7_4mgn_A_S000009,-62.7,0.0,16.31
7_4mgn_A_S000010,-90.6,0.0,13.69
7_4mgn_A_S000011,-86.6,0.0,18.15
7_4mgn_A_S000012,-64.7,0.0,11.75
7_4mgn_A_S000013,-71.4,0.0,14.84
7_4mgn_A_S000014,-104.0,0.0,12.77
7_4mgn_A_S000015,-102.5,0.0,19.95
7_4mgn_A_S000016,-124.9,0.0,13.80
7_4mgn_A_S000017,-121.2,0.0,10.77
7_4mgn_A_S000018,-89.2,0.0,8.80
7_4mgn_A_S000019,-96.2,0.0,17.42
7_4mgn_A_S000020,-35.0,0.0,12.76
8_4mgn_A_S000001,-108.4,0.0,19.22
8_4mgn_A_S000002,-84.4,0.0,15.65
8_4mgn_A_S000003,-92.2,0.0,16.10
8_4mgn_A_S000004,-27.0,0.0,10.87
8_4mgn_A_S000005,-109.0,0.0,19.01
8_4mgn_A_S000006,-56.3,0.0,9.88
8_4mgn_A_S000007,-102.5,0.0,18.42
8_4mgn_A_S000008,-57.9,0.0,11.73
8_4mgn_A_S000009,-117.5,0.0,12.59
8_4mgn_A_S000010,-78.2,0.0,13.49
8_4mgn_A_S000011,-117.3,0.0,16.31
8_4mgn_A_S000012,-78.1,0.0,19.76
8_4mgn_A_S000013,-102.9,0.0,19.18
8_4mgn_A_S000014,-96.6,0.0,17.78
8_4mgn_A_S000015,15.6,0.0,9.48
8_4mgn_A_S000016,-83.7,0.0,14.54
8_4mgn_A_S000017,-96.4,0.0,14.26
8_4mgn_A_S000018,-82.7,0.0,10.80
8_4mgn_A_S000019,-49.3,0.0,13.08
8_4mgn_A_S000020,-106.4,0.0,15.40
9_4mgn_A_S000001,-40.3,0.0,14.32
9_4mgn_A_S000002,-86.6,0.0,19.73
9_4mgn_A_S000003,-74.5,0.0,17.02
9_4mgn_A_S000004,-99.6,0.0,16.82
9_4mgn_A_S000005,-92.5,0.0,17.29
9_4mgn_A_S000006,-78.8,0.0,19.16
9_4mgn_A_S000007,-102.1,0.0,18.72
9_4mgn_A_S000008,-87.4,0.0,17.06
9_4mgn_A_S000009,-113.0,0.0,21.30
9_4mgn_A_S000010,-83.5,0.0,13.15
9_4mgn_A_S000011,-96.5,0.0,16.95
9_4mgn_A_S000012,-23.1,0.0,10.43
9_4mgn_A_S000013,-73.2,0.0,16.02
9_4mgn_A_S000014,-86.8,0.0,9.76
9_4mgn_A_S000015,-104.2,0.0,16.51
9_4mgn_A_S000016,-96.2,0.0,14.93
9_4mgn_A_S000017,-64.6,0.0,11.07
9_4mgn_A_S000018,-86.9,0.0,11.86
9_4mgn_A_S000019,-40.9,0.0,15.86
9_4mgn_A_S000020,-83.9,0.0,18.15
