0_6iv8_D_S000001,-50.1,0.0,18.48
0_6iv8_D_S000002,-55.1,0.0,18.21
0_6iv8_D_S000003,-46.6,0.0,18.32
0_6iv8_D_S000004,-59.5,0.0,16.81
0_6iv8_D_S000005,-48.9,0.0,21.23
0_6iv8_D_S000006,-6.4,0.0,20.68
0_6iv8_D_S000007,-26.0,0.0,17.26
0_6iv8_D_S000008,-42.9,0.0,20.54
0_6iv8_D_S000009,-48.7,0.0,19.48
0_6iv8_D_S000010,-47.3,0.0,21.60
0_6iv8_D_S000011,-31.0,0.0,22.86
0_6iv8_D_S000012,-42.7,0.0,19.42
0_6iv8_D_S000013,-27.0,0.0,19.96
0_6iv8_D_S000014,-36.5,0.0,20.05
0_6iv8_D_S000015,-32.1,0.0,17.97
0_6iv8_D_S000016,-51.3,0.0,18.95
0_6iv8_D_S000017,-36.5,0.0,18.56
0_6iv8_D_S000018,-19.0,0.0,15.56
0_6iv8_D_S000019,-41.8,0.0,19.92
0_6iv8_D_S000020,-26.9,0.0,17.55
1_6iv8_D_S000001,17.1,0.0,19.13
1_6iv8_D_S000002,-11.5,0.0,18.48
1_6iv8_D_S000003,-48.7,0.0,20.23
1_6iv8_D_S000004,-38.6,0.0,22.04
1_6iv8_D_S000005,-48.8,0.0,20.53
1_6iv8_D_S000006,-36.6,0.0,23.24
1_6iv8_D_S000007,-34.1,0.0,17.45
1_6iv8_D_S000008,-20.3,0.0,18.23
1_6iv8_D_S000009,-10.2,0.0,22.63
1_6iv8_D_S000010,-41.2,0.0,22.41
1_6iv8_D_S000011,-44.3,0.0,17.64
1_6iv8_D_S000012,-54.9,0.0,19.51
1_6iv8_D_S000013,-56.6,0.0,20.50
1_6iv8_D_S000014,-46.4,0.0,20.03
1_6iv8_D_S000015,-16.5,0.0,24.80
1_6iv8_D_S000016,-43.6,0.0,24.26
1_6iv8_D_S000017,-57.3,0.0,16.60
1_6iv8_D_S000018,-45.9,0.0,19.90
1_6iv8_D_S000019,-33.0,0.0,18.81
1_6iv8_D_S000020,-28.1,0.0,20.99
2_6iv8_D_S000001,-42.0,0.0,18.31
2_6iv8_D_S000002,-32.1,0.0,18.95
2_6iv8_D_S000003,-54.4,0.0,17.21
2_6iv8_D_S000004,-29.9,0.0,21.64
2_6iv8_D_S000005,38.5,0.0,19.39
2_6iv8_D_S000006,-20.3,0.0,18.65
2_6iv8_D_S000007,-52.7,0.0,18.99
2_6iv8_D_S000008,-31.5,0.0,17.10
2_6iv8_D_S000009,-43.9,0.0,18.87
2_6iv8_D_S000010,-41.4,0.0,22.65
2_6iv8_D_S000011,-32.5,0.0,17.35
2_6iv8_D_S000012,-55.9,0.0,20.59
2_6iv8_D_S000013,-35.4,0.0,15.81
2_6iv8_D_S000014,-29.3,0.0,19.36
2_6iv8_D_S000015,-26.8,0.0,20.76
2_6iv8_D_S000016,-54.2,0.0,22.85
2_6iv8_D_S000017,-35.0,0.0,17.57
2_6iv8_D_S000018,-21.4,0.0,19.20
2_6iv8_D_S000019,-26.6,0.0,16.78
2_6iv8_D_S000020,-57.0,0.0,21.23
3_6iv8_D_S000001,-15.8,0.0,23.90
3_6iv8_D_S000002,-7.4,0.0,20.12
3_6iv8_D_S000003,-49.7,0.0,20.59
3_6iv8_D_S000004,-28.3,0.0,20.34
3_6iv8_D_S000005,-44.7,0.0,18.72
3_6iv8_D_S000006,-38.1,0.0,16.22
3_6iv8_D_S000007,-25.0,0.0,20.50
3_6iv8_D_S000008,-29.5,0.0,18.01
3_6iv8_D_S000009,-57.1,0.0,20.63
3_6iv8_D_S000010,-23.7,0.0,18.24
3_6iv8_D_S000011,-36.9,0.0,20.47
3_6iv8_D_S000012,-44.3,0.0,20.40
3_6iv8_D_S000013,-34.6,0.0,20.02
3_6iv8_D_S000014,-30.3,0.0,17.16
3_6iv8_D_S000015,-26.7,0.0,20.94
3_6iv8_D_S000016,-21.7,0.0,19.23
3_6iv8_D_S000017,-52.1,0.0,19.53
3_6iv8_D_S000018,10.3,0.0,23.46
3_6iv8_D_S000019,-53.0,0.0,20.59
3_6iv8_D_S000020,-39.0,0.0,16.76
4_6iv8_D_S000001,-17.3,0.0,21.59
4_6iv8_D_S000002,-16.3,0.0,18.40
4_6iv8_D_S000003,-40.8,0.0,19.06
4_6iv8_D_S000004,-40.3,0.0,20.35
4_6iv8_D_S000005,-34.5,0.0,18.76
4_6iv8_D_S000006,-32.2,0.0,18.95
4_6iv8_D_S000007,-31.2,0.0,21.28
4_6iv8_D_S000008,-33.6,0.0,23.28
4_6iv8_D_S000009,-42.1,0.0,21.46
4_6iv8_D_S000010,-37.9,0.0,18.99
4_6iv8_D_S000011,-42.9,0.0,19.01
4_6iv8_D_S000012,-35.8,0.0,17.69
4_6iv8_D_S000013,-36.9,0.0,20.05
4_6iv8_D_S000014,-5.4,0.0,21.63
4_6iv8_D_S000015,-37.0,0.0,22.92
4_6iv8_D_S000016,-23.8,0.0,20.88
4_6iv8_D_S000017,-24.3,0.0,21.46
4_6iv8_D_S000018,-29.2,0.0,15.93
4_6iv8_D_S000019,-41.7,0.0,15.64
4_6iv8_D_S000020,-13.9,0.0,23.95
5_6iv8_D_S000001,-58.9,0.0,15.89
5_6iv8_D_S000002,-39.3,0.0,21.82
5_6iv8_D_S000003,-50.2,0.0,19.73
5_6iv8_D_S000004,-37.4,0.0,24.68
5_6iv8_D_S000005,-27.5,0.0,18.14
5_6iv8_D_S000006,-38.6,0.0,25.70
5_6iv8_D_S000007,-13.1,0.0,19.31
5_6iv8_D_S000008,-51.5,0.0,20.28
5_6iv8_D_S000009,-48.4,0.0,20.33
5_6iv8_D_S000010,-40.7,0.0,17.36
5_6iv8_D_S000011,-22.4,0.0,17.41
5_6iv8_D_S000012,-15.7,0.0,18.61
5_6iv8_D_S000013,-37.8,0.0,17.03
5_6iv8_D_S000014,-22.4,0.0,23.83
5_6iv8_D_S000015,-43.7,0.0,19.59
5_6iv8_D_S000016,-40.5,0.0,23.03
5_6iv8_D_S000017,-35.0,0.0,18.66
5_6iv8_D_S000018,-22.5,0.0,19.23
5_6iv8_D_S000019,-23.7,0.0,20.44
5_6iv8_D_S000020,-37.7,0.0,21.22
6_6iv8_D_S000001,-47.9,0.0,18.84
6_6iv8_D_S000002,-27.6,0.0,20.45
6_6iv8_D_S000003,-34.3,0.0,16.57
6_6iv8_D_S000004,-16.9,0.0,16.68
6_6iv8_D_S000005,-47.4,0.0,22.84
6_6iv8_D_S000006,-4.4,0.0,21.28
6_6iv8_D_S000007,-7.3,0.0,19.81
6_6iv8_D_S000008,-38.4,0.0,18.59
6_6iv8_D_S000009,-42.6,0.0,18.11
6_6iv8_D_S000010,-48.1,0.0,19.47
6_6iv8_D_S000011,-30.0,0.0,20.45
6_6iv8_D_S000012,-29.3,0.0,17.89
6_6iv8_D_S000013,-47.9,0.0,21.90
6_6iv8_D_S000014,-52.4,0.0,20.97
6_6iv8_D_S000015,-48.3,0.0,21.41
6_6iv8_D_S000016,-21.5,0.0,19.43
6_6iv8_D_S000017,-45.6,0.0,14.88
6_6iv8_D_S000018,-23.4,0.0,17.37
6_6iv8_D_S000019,-39.1,0.0,20.03
6_6iv8_D_S000020,-46.2,0.0,22.91
7_6iv8_D_S000001,-36.7,0.0,22.03
7_6iv8_D_S000002,-24.8,0.0,17.89
7_6iv8_D_S000003,-37.4,0.0,23.38
7_6iv8_D_S000004,-30.1,0.0,19.67
7_6iv8_D_S000005,-53.3,0.0,21.59
7_6iv8_D_S000006,-31.8,0.0,14.29
7_6iv8_D_S000007,-38.9,0.0,19.36
7_6iv8_D_S000008,-23.0,0.0,21.26
7_6iv8_D_S000009,-32.2,0.0,23.21
7_6iv8_D_S000010,-21.1,0.0,23.17
7_6iv8_D_S000011,-41.7,0.0,16.59
7_6iv8_D_S000012,-52.5,0.0,17.59
7_6iv8_D_S000013,-25.8,0.0,19.42
7_6iv8_D_S000014,-44.5,0.0,23.43
7_6iv8_D_S000015,-23.5,0.0,17.72
7_6iv8_D_S000016,-54.7,0.0,19.93
7_6iv8_D_S000017,-29.3,0.0,18.09
7_6iv8_D_S000018,-37.5,0.0,13.18
7_6iv8_D_S000019,-29.9,0.0,22.90
7_6iv8_D_S000020,-49.3,0.0,20.20
8_6iv8_D_S000001,-38.3,0.0,23.56
8_6iv8_D_S000002,-31.6,0.0,20.52
8_6iv8_D_S000003,-18.6,0.0,19.05
8_6iv8_D_S000004,-43.5,0.0,22.21
8_6iv8_D_S000005,-19.4,0.0,22.56
8_6iv8_D_S000006,-33.2,0.0,21.08
8_6iv8_D_S000007,-53.6,0.0,20.67
8_6iv8_D_S000008,-34.8,0.0,18.17
8_6iv8_D_S000009,-31.5,0.0,20.02
8_6iv8_D_S000010,-48.4,0.0,20.69
8_6iv8_D_S000011,-40.9,0.0,20.39
8_6iv8_D_S000012,-33.8,0.0,18.47
8_6iv8_D_S000013,-46.9,0.0,21.85
8_6iv8_D_S000014,-16.5,0.0,15.89
8_6iv8_D_S000015,-34.9,0.0,15.11
8_6iv8_D_S000016,-32.5,0.0,18.54
8_6iv8_D_S000017,-39.2,0.0,14.52
8_6iv8_D_S000018,-46.1,0.0,14.90
8_6iv8_D_S000019,-16.6,0.0,25.41
8_6iv8_D_S000020,-34.9,0.0,18.88
9_6iv8_D_S000001,-24.5,0.0,21.66
9_6iv8_D_S000002,-16.8,0.0,23.65
9_6iv8_D_S000003,-30.0,0.0,21.58
9_6iv8_D_S000004,-48.8,0.0,19.65
9_6iv8_D_S000005,-60.8,0.0,17.54
9_6iv8_D_S000006,-56.6,0.0,15.56
9_6iv8_D_S000007,-32.9,0.0,17.35
9_6iv8_D_S000008,-31.6,0.0,23.18
9_6iv8_D_S000009,-43.5,0.0,19.00
9_6iv8_D_S000010,-21.6,0.0,15.50
9_6iv8_D_S000011,-46.4,0.0,21.90
9_6iv8_D_S000012,-39.4,0.0,16.17
9_6iv8_D_S000013,-27.0,0.0,21.78
9_6iv8_D_S000014,-41.0,0.0,20.23
9_6iv8_D_S000015,-50.6,0.0,16.22
9_6iv8_D_S000016,-57.6,0.0,21.79
9_6iv8_D_S000017,-48.0,0.0,17.56
9_6iv8_D_S000018,-35.8,0.0,19.94
9_6iv8_D_S000019,-30.4,0.0,17.45
9_6iv8_D_S000020,-50.7,0.0,19.93
