0_6mwn_A_S000001,-71.2,0.0,20.30
0_6mwn_A_S000002,-102.1,0.0,18.32
0_6mwn_A_S000003,-43.5,0.0,19.62
0_6mwn_A_S000004,-78.2,0.0,18.48
0_6mwn_A_S000005,-84.0,0.0,19.48
0_6mwn_A_S000006,-38.7,0.0,20.25
0_6mwn_A_S000007,-85.8,0.0,21.55
0_6mwn_A_S000008,-104.4,0.0,19.74
0_6mwn_A_S000009,-99.6,0.0,19.87
0_6mwn_A_S000010,-96.1,0.0,19.08
0_6mwn_A_S000011,-40.0,0.0,20.88
0_6mwn_A_S000012,-68.4,0.0,19.88
0_6mwn_A_S000013,-84.8,0.0,20.80
0_6mwn_A_S000014,-105.2,0.0,20.68
0_6mwn_A_S000015,-101.9,0.0,18.65
0_6mwn_A_S000016,-77.6,0.0,16.08
0_6mwn_A_S000017,-103.2,0.0,21.20
0_6mwn_A_S000018,-93.5,0.0,18.08
0_6mwn_A_S000019,-90.7,0.0,20.98
0_6mwn_A_S000020,-106.2,0.0,21.14
1_6mwn_A_S000001,-113.6,0.0,21.14
1_6mwn_A_S000002,-100.7,0.0,20.39
1_6mwn_A_S000003,-98.0,0.0,19.39
1_6mwn_A_S000004,-91.5,0.0,20.32
1_6mwn_A_S000005,-88.0,0.0,21.06
1_6mwn_A_S000006,-104.5,0.0,18.92
1_6mwn_A_S000007,-83.3,0.0,19.64
1_6mwn_A_S000008,-92.3,0.0,19.63
1_6mwn_A_S000009,-94.4,0.0,20.96
1_6mwn_A_S000010,-103.7,0.0,20.62
1_6mwn_A_S000011,-103.5,0.0,20.35
1_6mwn_A_S000012,-88.1,0.0,21.16
1_6mwn_A_S000013,-89.4,0.0,19.20
1_6mwn_A_S000014,-96.0,0.0,19.22
1_6mwn_A_S000015,-78.8,0.0,22.90
1_6mwn_A_S000016,-97.3,0.0,20.43
1_6mwn_A_S000017,-92.6,0.0,19.40
1_6mwn_A_S000018,-69.7,0.0,17.64
1_6mwn_A_S000019,-70.3,0.0,16.88
1_6mwn_A_S000020,-62.5,0.0,17.49
2_6mwn_A_S000001,48.3,0.0,19.41
2_6mwn_A_S000002,-85.5,0.0,21.30
2_6mwn_A_S000003,-62.3,0.0,20.55
2_6mwn_A_S000004,-19.6,0.0,20.03
2_6mwn_A_S000005,-93.3,0.0,19.63
2_6mwn_A_S000006,-106.3,0.0,22.00
2_6mwn_A_S000007,-43.0,0.0,19.00
2_6mwn_A_S000008,-105.1,0.0,21.37
2_6mwn_A_S000009,-86.9,0.0,20.42
2_6mwn_A_S000010,-76.6,0.0,20.26
2_6mwn_A_S000011,-103.1,0.0,20.51
2_6mwn_A_S000012,-76.6,0.0,20.12
2_6mwn_A_S000013,-89.4,0.0,17.10
2_6mwn_A_S000014,-95.6,0.0,20.03
2_6mwn_A_S000015,-109.8,0.0,20.73
2_6mwn_A_S000016,-94.5,0.0,19.35
2_6mwn_A_S000017,-107.5,0.0,19.35
2_6mwn_A_S000018,-65.4,0.0,18.83
2_6mwn_A_S000019,-103.1,0.0,18.98
2_6mwn_A_S000020,-99.4,0.0,18.84
3_6mwn_A_S000001,-106.5,0.0,20.54
3_6mwn_A_S000002,-99.6,0.0,19.90
3_6mwn_A_S000003,-35.5,0.0,19.97
3_6mwn_A_S000004,-94.0,0.0,19.94
3_6mwn_A_S000005,-82.5,0.0,17.63
3_6mwn_A_S000006,-78.2,0.0,17.94
3_6mwn_A_S000007,-86.4,0.0,19.34
3_6mwn_A_S000008,-80.9,0.0,20.14
3_6mwn_A_S000009,-53.5,0.0,17.67
3_6mwn_A_S000010,-70.9,0.0,14.20
3_6mwn_A_S000011,-101.3,0.0,19.93
3_6mwn_A_S000012,-95.1,0.0,22.01
3_6mwn_A_S000013,-15.4,0.0,20.63
3_6mwn_A_S000014,-90.5,0.0,19.71
3_6mwn_A_S000015,-33.4,0.0,20.99
3_6mwn_A_S000016,-99.3,0.0,18.14
3_6mwn_A_S000017,-64.8,0.0,20.41
3_6mwn_A_S000018,-78.4,0.0,20.02
3_6mwn_A_S000019,-91.6,0.0,20.58
3_6mwn_A_S000020,-78.5,0.0,14.16
4_6mwn_A_S000001,-68.0,0.0,17.93
4_6mwn_A_S000002,-99.6,0.0,19.53
4_6mwn_A_S000003,-64.0,0.0,18.12
4_6mwn_A_S000004,-107.6,0.0,18.85
4_6mwn_A_S000005,-92.7,0.0,17.09
4_6mwn_A_S000006,-68.1,0.0,21.51
4_6mwn_A_S000007,-70.3,0.0,20.21
4_6mwn_A_S000008,-86.7,0.0,19.78
4_6mwn_A_S000009,-57.0,0.0,20.52
4_6mwn_A_S000010,-4.8,0.0,16.59
4_6mwn_A_S000011,-106.8,0.0,19.96
4_6mwn_A_S000012,-90.5,0.0,19.89
4_6mwn_A_S000013,-63.8,0.0,19.81
4_6mwn_A_S000014,-93.7,0.0,19.91
4_6mwn_A_S000015,-100.7,0.0,20.08
4_6mwn_A_S000016,-89.3,0.0,19.99
4_6mwn_A_S000017,-96.3,0.0,21.72
4_6mwn_A_S000018,-81.2,0.0,17.24
4_6mwn_A_S000019,-81.0,0.0,17.63
4_6mwn_A_S000020,-103.0,0.0,19.59
5_6mwn_A_S000001,-116.4,0.0,20.93
5_6mwn_A_S000002,-23.1,0.0,19.41
5_6mwn_A_S000003,-63.2,0.0,16.64
5_6mwn_A_S000004,-89.6,0.0,21.30
5_6mwn_A_S000005,-117.0,0.0,21.52
5_6mwn_A_S000006,-21.7,0.0,18.83
5_6mwn_A_S000007,-110.9,0.0,18.31
5_6mwn_A_S000008,-88.1,0.0,20.72
5_6mwn_A_S000009,-98.7,0.0,21.59
5_6mwn_A_S000010,-101.4,0.0,19.23
5_6mwn_A_S000011,-79.2,0.0,19.14
5_6mwn_A_S000012,-103.5,0.0,20.54
5_6mwn_A_S000013,-94.8,0.0,18.21
5_6mwn_A_S000014,-39.4,0.0,20.97
5_6mwn_A_S000015,-97.7,0.0,20.11
5_6mwn_A_S000016,-98.6,0.0,19.53
5_6mwn_A_S000017,-92.2,0.0,21.08
5_6mwn_A_S000018,-93.4,0.0,20.21
5_6mwn_A_S000019,-97.6,0.0,19.79
5_6mwn_A_S000020,-78.6,0.0,18.50
6_6mwn_A_S000001,-80.5,0.0,16.77
6_6mwn_A_S000002,-85.5,0.0,19.95
6_6mwn_A_S000003,0.3,0.0,21.27
6_6mwn_A_S000004,-98.1,0.0,18.10
6_6mwn_A_S000005,-85.4,0.0,17.56
6_6mwn_A_S000006,-74.2,0.0,17.03
6_6mwn_A_S000007,-108.6,0.0,16.24
6_6mwn_A_S000008,-83.4,0.0,19.62
6_6mwn_A_S000009,-74.3,0.0,22.26
6_6mwn_A_S000010,-49.5,0.0,19.77
6_6mwn_A_S000011,-93.5,0.0,18.24
6_6mwn_A_S000012,-95.6,0.0,19.28
6_6mwn_A_S000013,-97.3,0.0,21.18
6_6mwn_A_S000014,-67.0,0.0,19.01
6_6mwn_A_S000015,-50.5,0.0,18.82
6_6mwn_A_S000016,-60.0,0.0,19.54
6_6mwn_A_S000017,-75.2,0.0,18.67
6_6mwn_A_S000018,-22.8,0.0,17.42
6_6mwn_A_S000019,-79.9,0.0,21.29
6_6mwn_A_S000020,19.2,0.0,19.29
7_6mwn_A_S000001,-94.3,0.0,20.26
7_6mwn_A_S000002,-92.4,0.0,18.98
7_6mwn_A_S000003,-97.0,0.0,19.26
7_6mwn_A_S000004,-77.2,0.0,21.91
7_6mwn_A_S000005,-68.5,0.0,21.08
7_6mwn_A_S000006,-86.2,0.0,18.63
7_6mwn_A_S000007,-101.6,0.0,19.24
7_6mwn_A_S000008,-88.8,0.0,17.96
7_6mwn_A_S000009,-82.3,0.0,19.36
7_6mwn_A_S000010,-61.2,0.0,20.28
7_6mwn_A_S000011,-94.9,0.0,19.20
7_6mwn_A_S000012,-87.2,0.0,19.13
7_6mwn_A_S000013,-85.1,0.0,18.91
7_6mwn_A_S000014,-63.3,0.0,21.13
7_6mwn_A_S000015,-97.6,0.0,20.99
7_6mwn_A_S000016,-29.0,0.0,19.36
7_6mwn_A_S000017,-79.0,0.0,18.68
7_6mwn_A_S000018,-20.0,0.0,20.14
7_6mwn_A_S000019,-34.5,0.0,18.78
7_6mwn_A_S000020,-58.6,0.0,18.22
8_6mwn_A_S000001,-34.3,0.0,20.88
8_6mwn_A_S000002,-74.3,0.0,20.47
8_6mwn_A_S000003,-22.9,0.0,16.62
8_6mwn_A_S000004,-50.2,0.0,20.89
8_6mwn_A_S000005,-101.4,0.0,19.65
8_6mwn_A_S000006,-111.3,0.0,21.02
8_6mwn_A_S000007,-72.0,0.0,20.83
8_6mwn_A_S000008,-98.0,0.0,19.48
8_6mwn_A_S000009,-86.2,0.0,17.90
8_6mwn_A_S000010,-101.6,0.0,18.51
8_6mwn_A_S000011,-95.8,0.0,20.90
8_6mwn_A_S000012,-69.0,0.0,20.73
8_6mwn_A_S000013,-29.4,0.0,20.66
8_6mwn_A_S000014,-90.9,0.0,20.06
8_6mwn_A_S000015,-79.8,0.0,19.33
8_6mwn_A_S000016,-76.2,0.0,18.74
8_6mwn_A_S000017,-97.4,0.0,19.25
8_6mwn_A_S000018,-96.4,0.0,20.34
8_6mwn_A_S000019,-94.4,0.0,21.73
8_6mwn_A_S000020,-99.6,0.0,21.96
9_6mwn_A_S000001,-49.0,0.0,19.71
9_6mwn_A_S000002,-66.3,0.0,19.37
9_6mwn_A_S000003,-97.5,0.0,19.33
9_6mwn_A_S000004,-8.8,0.0,19.57
9_6mwn_A_S000005,-95.2,0.0,18.70
9_6mwn_A_S000006,-59.5,0.0,19.57
9_6mwn_A_S000007,-33.0,0.0,17.55
9_6mwn_A_S000008,-75.4,0.0,18.04
9_6mwn_A_S000009,-108.7,0.0,20.18
9_6mwn_A_S000010,-99.0,0.0,20.21
9_6mwn_A_S000011,-112.2,0.0,19.88
9_6mwn_A_S000012,-85.5,0.0,18.88
9_6mwn_A_S000013,-108.4,0.0,20.74
9_6mwn_A_S000014,-71.8,0.0,20.82
9_6mwn_A_S000015,-96.3,0.0,18.69
9_6mwn_A_S000016,-107.2,0.0,19.24
9_6mwn_A_S000017,-86.3,0.0,21.49
9_6mwn_A_S000018,-72.5,0.0,18.32
9_6mwn_A_S000019,-101.4,0.0,20.56
9_6mwn_A_S000020,-77.9,0.0,18.94
