0_6n2v_A_S000001,-109.8,0.0,11.12
0_6n2v_A_S000002,-119.1,0.0,24.97
0_6n2v_A_S000003,-80.6,0.0,10.38
0_6n2v_A_S000004,-84.5,0.0,27.01
0_6n2v_A_S000005,-125.8,0.0,11.14
0_6n2v_A_S000006,-58.7,0.0,22.63
0_6n2v_A_S000007,-117.9,0.0,9.97
0_6n2v_A_S000008,-104.1,0.0,26.62
0_6n2v_A_S000009,-93.7,0.0,14.69
0_6n2v_A_S000010,-91.9,0.0,23.42
0_6n2v_A_S000011,-91.1,0.0,28.48
0_6n2v_A_S000012,-124.4,0.0,28.71
0_6n2v_A_S000013,-125.6,0.0,22.03
0_6n2v_A_S000014,-87.9,0.0,16.90
0_6n2v_A_S000015,-117.4,0.0,13.68
0_6n2v_A_S000016,-110.5,0.0,22.83
0_6n2v_A_S000017,-112.1,0.0,12.73
0_6n2v_A_S000018,-116.9,0.0,25.77
0_6n2v_A_S000019,-120.9,0.0,26.99
0_6n2v_A_S000020,-135.9,0.0,27.65
1_6n2v_A_S000001,-81.7,0.0,28.53
1_6n2v_A_S000002,-122.3,0.0,25.01
1_6n2v_A_S000003,10.7,0.0,9.63
1_6n2v_A_S000004,19.8,0.0,12.57
1_6n2v_A_S000005,-80.3,0.0,11.90
1_6n2v_A_S000006,-77.9,0.0,12.11
1_6n2v_A_S000007,-137.5,0.0,9.71
1_6n2v_A_S000008,-127.4,0.0,12.79
1_6n2v_A_S000009,-93.8,0.0,26.64
1_6n2v_A_S000010,-105.3,0.0,14.42
1_6n2v_A_S000011,-129.9,0.0,15.05
1_6n2v_A_S000012,-40.9,0.0,16.20
1_6n2v_A_S000013,-123.0,0.0,23.27
1_6n2v_A_S000014,12.5,0.0,23.18
1_6n2v_A_S000015,-137.7,0.0,7.54
1_6n2v_A_S000016,-127.9,0.0,26.20
1_6n2v_A_S000017,-43.0,0.0,27.44
1_6n2v_A_S000018,-120.3,0.0,16.50
1_6n2v_A_S000019,-118.7,0.0,17.17
1_6n2v_A_S000020,-120.8,0.0,12.48
2_6n2v_A_S000001,-82.2,0.0,16.64
2_6n2v_A_S000002,33.2,0.0,14.04
2_6n2v_A_S000003,-70.7,0.0,20.85
2_6n2v_A_S000004,-88.0,0.0,13.26
2_6n2v_A_S000005,-44.9,0.0,12.09
2_6n2v_A_S000006,-118.6,0.0,27.33
2_6n2v_A_S000007,-104.7,0.0,23.07
2_6n2v_A_S000008,-120.0,0.0,14.89
2_6n2v_A_S000009,-111.0,0.0,27.52
2_6n2v_A_S000010,-53.8,0.0,9.99
2_6n2v_A_S000011,-66.9,0.0,11.53
2_6n2v_A_S000012,-99.1,0.0,26.09
2_6n2v_A_S000013,-117.9,0.0,11.59
2_6n2v_A_S000014,-123.5,0.0,17.70
2_6n2v_A_S000015,-46.9,0.0,7.72
2_6n2v_A_S000016,-107.7,0.0,27.40
2_6n2v_A_S000017,-127.1,0.0,18.01
2_6n2v_A_S000018,-98.1,0.0,13.22
2_6n2v_A_S000019,-56.5,0.0,25.59
2_6n2v_A_S000020,-115.9,0.0,12.97
3_6n2v_A_S000001,-52.5,0.0,18.39
3_6n2v_A_S000002,-6.9,0.0,12.12
3_6n2v_A_S000003,-94.6,0.0,27.22
3_6n2v_A_S000004,-130.2,0.0,27.46
3_6n2v_A_S000005,-16.2,0.0,15.27
3_6n2v_A_S000006,-89.0,0.0,9.09
3_6n2v_A_S000007,-63.8,0.0,12.87
3_6n2v_A_S000008,-92.3,0.0,27.66
3_6n2v_A_S000009,-114.6,0.0,27.80
3_6n2v_A_S000010,-108.9,0.0,8.94
3_6n2v_A_S000011,-114.3,0.0,28.20
3_6n2v_A_S000012,-111.7,0.0,25.80
3_6n2v_A_S000013,-70.1,0.0,14.26
3_6n2v_A_S000014,-100.7,0.0,7.41
3_6n2v_A_S000015,-69.4,0.0,25.26
3_6n2v_A_S000016,-107.0,0.0,26.64
3_6n2v_A_S000017,-93.1,0.0,13.88
3_6n2v_A_S000018,-105.0,0.0,28.63
3_6n2v_A_S000019,-113.7,0.0,24.78
3_6n2v_A_S000020,-118.1,0.0,24.85
4_6n2v_A_S000001,-119.8,0.0,21.43
4_6n2v_A_S000002,-130.8,0.0,26.67
4_6n2v_A_S000003,-116.9,0.0,26.47
4_6n2v_A_S000004,-86.1,0.0,11.59
4_6n2v_A_S000005,-133.0,0.0,26.23
4_6n2v_A_S000006,-120.8,0.0,26.88
4_6n2v_A_S000007,-71.6,0.0,9.88
4_6n2v_A_S000008,-56.5,0.0,20.42
4_6n2v_A_S000009,-101.4,0.0,12.31
4_6n2v_A_S000010,-116.9,0.0,14.28
4_6n2v_A_S000011,-103.9,0.0,28.31
4_6n2v_A_S000012,-67.4,0.0,12.08
4_6n2v_A_S000013,-122.8,0.0,11.97
4_6n2v_A_S000014,-106.3,0.0,14.32
4_6n2v_A_S000015,-94.8,0.0,17.81
4_6n2v_A_S000016,-115.6,0.0,12.30
4_6n2v_A_S000017,-117.5,0.0,15.59
4_6n2v_A_S000018,-73.9,0.0,23.38
4_6n2v_A_S000019,-94.2,0.0,11.73
4_6n2v_A_S000020,-111.7,0.0,18.25
5_6n2v_A_S000001,-100.2,0.0,12.63
5_6n2v_A_S000002,-92.5,0.0,19.07
5_6n2v_A_S000003,-96.2,0.0,16.19
5_6n2v_A_S000004,-122.7,0.0,15.68
5_6n2v_A_S000005,-128.9,0.0,15.87
5_6n2v_A_S000006,-87.4,0.0,26.78
5_6n2v_A_S000007,-29.8,0.0,20.41
5_6n2v_A_S000008,-113.4,0.0,12.94
5_6n2v_A_S000009,-100.7,0.0,21.35
5_6n2v_A_S000010,-102.4,0.0,27.36
5_6n2v_A_S000011,-46.5,0.0,14.43
5_6n2v_A_S000012,-105.5,0.0,17.27
5_6n2v_A_S000013,-101.3,0.0,21.02
5_6n2v_A_S000014,-112.5,0.0,24.30
5_6n2v_A_S000015,-123.7,0.0,17.69
5_6n2v_A_S000016,-109.7,0.0,12.89
5_6n2v_A_S000017,-130.4,0.0,27.33
5_6n2v_A_S000018,-94.7,0.0,14.04
5_6n2v_A_S000019,-85.0,0.0,14.44
5_6n2v_A_S000020,-68.1,0.0,15.75
6_6n2v_A_S000001,-120.6,0.0,24.84
6_6n2v_A_S000002,-103.8,0.0,23.14
6_6n2v_A_S000003,-98.6,0.0,29.06
6_6n2v_A_S000004,-71.1,0.0,14.34
6_6n2v_A_S000005,-106.1,0.0,15.82
6_6n2v_A_S000006,-112.1,0.0,28.38
6_6n2v_A_S000007,-129.6,0.0,12.56
6_6n2v_A_S000008,-82.3,0.0,17.98
6_6n2v_A_S000009,-102.9,0.0,10.46
6_6n2v_A_S000010,-125.6,0.0,16.57
6_6n2v_A_S000011,-119.7,0.0,12.68
6_6n2v_A_S000012,-109.0,0.0,14.70
6_6n2v_A_S000013,-125.6,0.0,26.95
6_6n2v_A_S000014,-96.4,0.0,24.61
6_6n2v_A_S000015,-114.9,0.0,12.18
6_6n2v_A_S000016,-104.3,0.0,24.27
6_6n2v_A_S000017,-93.6,0.0,14.15
6_6n2v_A_S000018,-37.8,0.0,24.31
6_6n2v_A_S000019,-87.7,0.0,21.30
6_6n2v_A_S000020,-128.6,0.0,16.46
7_6n2v_A_S000001,-54.3,0.0,10.65
7_6n2v_A_S000002,-104.1,0.0,15.40
7_6n2v_A_S000003,-119.6,0.0,26.64
7_6n2v_A_S000004,-96.0,0.0,28.71
7_6n2v_A_S000005,-45.8,0.0,17.16
7_6n2v_A_S000006,-84.2,0.0,24.73
7_6n2v_A_S000007,-94.2,0.0,25.87
7_6n2v_A_S000008,-121.6,0.0,14.39
7_6n2v_A_S000009,-95.6,0.0,26.15
7_6n2v_A_S000010,-134.6,0.0,15.07
7_6n2v_A_S000011,-138.6,0.0,12.10
7_6n2v_A_S000012,-75.3,0.0,23.16
7_6n2v_A_S000013,-78.0,0.0,24.09
7_6n2v_A_S000014,-101.2,0.0,10.02
7_6n2v_A_S000015,-136.1,0.0,27.58
7_6n2v_A_S000016,-84.8,0.0,24.44
7_6n2v_A_S000017,-74.0,0.0,13.68
7_6n2v_A_S000018,-118.7,0.0,26.83
7_6n2v_A_S000019,-128.6,0.0,13.16
7_6n2v_A_S000020,-120.0,0.0,25.38
8_6n2v_A_S000001,-64.9,0.0,8.80
8_6n2v_A_S000002,-121.1,0.0,10.99
8_6n2v_A_S000003,-127.2,0.0,13.46
8_6n2v_A_S000004,-39.3,0.0,14.43
8_6n2v_A_S000005,-108.2,0.0,10.83
8_6n2v_A_S000006,-124.9,0.0,23.66
8_6n2v_A_S000007,43.0,0.0,13.41
8_6n2v_A_S000008,-45.3,0.0,10.54
8_6n2v_A_S000009,-135.8,0.0,12.48
8_6n2v_A_S000010,-131.4,0.0,26.84
8_6n2v_A_S000011,-69.5,0.0,13.71
8_6n2v_A_S000012,-134.1,0.0,7.79
8_6n2v_A_S000013,-66.0,0.0,13.93
8_6n2v_A_S000014,-133.9,0.0,24.39
8_6n2v_A_S000015,-87.8,0.0,26.96
8_6n2v_A_S000016,-7.7,0.0,10.41
8_6n2v_A_S000017,-114.6,0.0,16.30
8_6n2v_A_S000018,-116.4,0.0,24.90
8_6n2v_A_S000019,-124.9,0.0,18.48
8_6n2v_A_S000020,-73.6,0.0,23.59
9_6n2v_A_S000001,-117.3,0.0,10.03
9_6n2v_A_S000002,-126.5,0.0,23.27
9_6n2v_A_S000003,-27.3,0.0,14.22
9_6n2v_A_S000004,-112.4,0.0,25.78
9_6n2v_A_S000005,-90.5,0.0,15.17
9_6n2v_A_S000006,-110.3,0.0,24.80
9_6n2v_A_S000007,-128.8,0.0,27.05
9_6n2v_A_S000008,-129.3,0.0,27.98
9_6n2v_A_S000009,133.8,0.0,12.43
9_6n2v_A_S000010,-30.6,0.0,18.95
9_6n2v_A_S000011,-133.7,0.0,16.63
9_6n2v_A_S000012,-104.7,0.0,27.26
9_6n2v_A_S000013,-78.6,0.0,14.07
9_6n2v_A_S000014,-114.4,0.0,25.49
9_6n2v_A_S000015,-84.3,0.0,25.16
9_6n2v_A_S000016,-92.1,0.0,11.87
9_6n2v_A_S000017,-77.2,0.0,13.04
9_6n2v_A_S000018,-95.6,0.0,21.45
9_6n2v_A_S000019,-135.1,0.0,26.71
9_6n2v_A_S000020,-101.0,0.0,17.00
