0_6u8k_A_S000001,-80.6,0.0,14.33
0_6u8k_A_S000002,-72.5,0.0,13.83
0_6u8k_A_S000003,-88.3,0.0,20.08
0_6u8k_A_S000004,-91.8,0.0,18.39
0_6u8k_A_S000005,-83.1,0.0,12.40
0_6u8k_A_S000006,-70.2,0.0,15.65
0_6u8k_A_S000007,-78.6,0.0,13.13
0_6u8k_A_S000008,-73.0,0.0,13.98
0_6u8k_A_S000009,-81.9,0.0,6.55
0_6u8k_A_S000010,-65.2,0.0,17.67
0_6u8k_A_S000011,-75.0,0.0,8.95
0_6u8k_A_S000012,-32.7,0.0,15.47
0_6u8k_A_S000013,-90.6,0.0,10.56
0_6u8k_A_S000014,-57.0,0.0,16.23
0_6u8k_A_S000015,-74.5,0.0,16.94
0_6u8k_A_S000016,-81.8,0.0,15.00
0_6u8k_A_S000017,-82.4,0.0,8.62
0_6u8k_A_S000018,-77.1,0.0,11.22
0_6u8k_A_S000019,-83.3,0.0,7.44
0_6u8k_A_S000020,-81.5,0.0,9.32
1_6u8k_A_S000001,-66.0,0.0,14.61
1_6u8k_A_S000002,-74.7,0.0,10.66
1_6u8k_A_S000003,-81.1,0.0,13.04
1_6u8k_A_S000004,-77.6,0.0,16.06
1_6u8k_A_S000005,-50.7,0.0,15.90
1_6u8k_A_S000006,-60.4,0.0,11.15
1_6u8k_A_S000007,-65.8,0.0,11.95
1_6u8k_A_S000008,-74.9,0.0,9.62
1_6u8k_A_S000009,-68.6,0.0,14.17
1_6u8k_A_S000010,-65.9,0.0,15.57
1_6u8k_A_S000011,-53.5,0.0,18.58
1_6u8k_A_S000012,-73.8,0.0,14.69
1_6u8k_A_S000013,-56.3,0.0,10.86
1_6u8k_A_S000014,58.5,0.0,16.90
1_6u8k_A_S000015,-71.7,0.0,11.26
1_6u8k_A_S000016,-57.2,0.0,12.55
1_6u8k_A_S000017,-73.8,0.0,15.68
1_6u8k_A_S000018,-76.0,0.0,15.16
1_6u8k_A_S000019,-73.1,0.0,18.04
1_6u8k_A_S000020,-67.9,0.0,12.12
2_6u8k_A_S000001,-72.7,0.0,16.12
2_6u8k_A_S000002,-66.0,0.0,16.75
2_6u8k_A_S000003,-66.3,0.0,10.21
2_6u8k_A_S000004,-92.5,0.0,14.19
2_6u8k_A_S000005,-80.2,0.0,14.92
2_6u8k_A_S000006,-91.4,0.0,12.27
2_6u8k_A_S000007,-82.3,0.0,15.05
2_6u8k_A_S000008,-60.5,0.0,11.97
2_6u8k_A_S000009,-72.8,0.0,16.30
2_6u8k_A_S000010,11.9,0.0,9.73
2_6u8k_A_S000011,-77.3,0.0,12.74
2_6u8k_A_S000012,-46.1,0.0,9.46
2_6u8k_A_S000013,-73.1,0.0,7.55
2_6u8k_A_S000014,-78.0,0.0,4.50
2_6u8k_A_S000015,-63.4,0.0,16.60
2_6u8k_A_S000016,-79.9,0.0,10.69
2_6u8k_A_S000017,-75.8,0.0,14.75
2_6u8k_A_S000018,-93.3,0.0,10.40
2_6u8k_A_S000019,-76.1,0.0,18.82
2_6u8k_A_S000020,-81.7,0.0,15.20
3_6u8k_A_S000001,-69.6,0.0,13.63
3_6u8k_A_S000002,-82.1,0.0,6.05
3_6u8k_A_S000003,-61.2,0.0,13.50
3_6u8k_A_S000004,-66.9,0.0,14.94
3_6u8k_A_S000005,-45.2,0.0,12.96
3_6u8k_A_S000006,-78.5,0.0,15.89
3_6u8k_A_S000007,-37.8,0.0,15.34
3_6u8k_A_S000008,-73.9,0.0,17.07
3_6u8k_A_S000009,-40.7,0.0,9.40
3_6u8k_A_S000010,-73.3,0.0,16.09
3_6u8k_A_S000011,-90.3,0.0,11.21
3_6u8k_A_S000012,-29.8,0.0,11.60
3_6u8k_A_S000013,-61.3,0.0,10.01
3_6u8k_A_S000014,-56.0,0.0,9.61
3_6u8k_A_S000015,150.4,0.0,12.62
3_6u8k_A_S000016,-32.1,0.0,11.24
3_6u8k_A_S000017,-59.6,0.0,14.34
3_6u8k_A_S000018,2.0,0.0,15.65
3_6u8k_A_S000019,-80.3,0.0,12.70
3_6u8k_A_S000020,-78.1,0.0,11.75
4_6u8k_A_S000001,-69.1,0.0,15.85
4_6u8k_A_S000002,-80.5,0.0,17.11
4_6u8k_A_S000003,-91.5,0.0,7.48
4_6u8k_A_S000004,-84.9,0.0,6.13
4_6u8k_A_S000005,-56.5,0.0,17.23
4_6u8k_A_S000006,-65.7,0.0,19.31
4_6u8k_A_S000007,-91.6,0.0,7.06
4_6u8k_A_S000008,-63.1,0.0,14.95
4_6u8k_A_S000009,-84.6,0.0,8.98
4_6u8k_A_S000010,-76.1,0.0,8.96
4_6u8k_A_S000011,-29.5,0.0,10.74
4_6u8k_A_S000012,-84.8,0.0,12.79
4_6u8k_A_S000013,-69.4,0.0,11.03
4_6u8k_A_S000014,35.6,0.0,16.67
4_6u8k_A_S000015,-43.4,0.0,13.41
4_6u8k_A_S000016,-81.0,0.0,15.84
4_6u8k_A_S000017,-60.6,0.0,14.11
4_6u8k_A_S000018,-78.3,0.0,8.19
4_6u8k_A_S000019,-80.2,0.0,11.49
4_6u8k_A_S000020,-78.1,0.0,15.76
5_6u8k_A_S000001,-32.9,0.0,12.98
5_6u8k_A_S000002,-92.0,0.0,9.09
5_6u8k_A_S000003,-81.1,0.0,13.14
5_6u8k_A_S000004,-72.4,0.0,16.37
5_6u8k_A_S000005,-82.1,0.0,8.02
5_6u8k_A_S000006,-86.1,0.0,8.58
5_6u8k_A_S000007,31.8,0.0,13.71
5_6u8k_A_S000008,-73.0,0.0,13.48
5_6u8k_A_S000009,-32.6,0.0,16.18
5_6u8k_A_S000010,-65.2,0.0,16.17
5_6u8k_A_S000011,-89.0,0.0,10.73
5_6u8k_A_S000012,-63.2,0.0,4.72
5_6u8k_A_S000013,-88.7,0.0,13.22
5_6u8k_A_S000014,-87.4,0.0,12.69
5_6u8k_A_S000015,-74.0,0.0,19.52
5_6u8k_A_S000016,-74.0,0.0,14.67
5_6u8k_A_S000017,-70.4,0.0,12.27
5_6u8k_A_S000018,-91.8,0.0,15.46
5_6u8k_A_S000019,-75.0,0.0,12.46
5_6u8k_A_S000020,-53.9,0.0,8.17
6_6u8k_A_S000001,-75.4,0.0,14.05
6_6u8k_A_S000002,-68.9,0.0,12.57
6_6u8k_A_S000003,-78.7,0.0,11.67
6_6u8k_A_S000004,-33.9,0.0,13.04
6_6u8k_A_S000005,-82.7,0.0,13.12
6_6u8k_A_S000006,-77.8,0.0,16.79
6_6u8k_A_S000007,-83.5,0.0,18.76
6_6u8k_A_S000008,-51.3,0.0,19.84
6_6u8k_A_S000009,-59.2,0.0,13.05
6_6u8k_A_S000010,-81.0,0.0,9.89
6_6u8k_A_S000011,-68.9,0.0,12.93
6_6u8k_A_S000012,-15.8,0.0,9.51
6_6u8k_A_S000013,-41.6,0.0,8.64
6_6u8k_A_S000014,-85.6,0.0,10.53
6_6u8k_A_S000015,-22.9,0.0,10.79
6_6u8k_A_S000016,-87.1,0.0,19.18
6_6u8k_A_S000017,-78.3,0.0,14.15
6_6u8k_A_S000018,-71.9,0.0,15.98
6_6u8k_A_S000019,-79.2,0.0,15.54
6_6u8k_A_S000020,-76.3,0.0,14.51
7_6u8k_A_S000001,-75.7,0.0,11.36
7_6u8k_A_S000002,-13.4,0.0,14.01
7_6u8k_A_S000003,-81.7,0.0,15.64
7_6u8k_A_S000004,-73.4,0.0,15.16
7_6u8k_A_S000005,-72.0,0.0,19.16
7_6u8k_A_S000006,-77.8,0.0,8.25
7_6u8k_A_S000007,-62.8,0.0,15.77
7_6u8k_A_S000008,-26.8,0.0,16.65
7_6u8k_A_S000009,-92.0,0.0,11.99
7_6u8k_A_S000010,-72.8,0.0,14.35
7_6u8k_A_S000011,-92.8,0.0,16.21
7_6u8k_A_S000012,-78.7,0.0,5.32
7_6u8k_A_S000013,-54.7,0.0,16.56
7_6u8k_A_S000014,-30.4,0.0,11.12
7_6u8k_A_S000015,-82.9,0.0,17.95
7_6u8k_A_S000016,-78.3,0.0,8.30
7_6u8k_A_S000017,-79.9,0.0,17.37
7_6u8k_A_S000018,-68.3,0.0,7.36
7_6u8k_A_S000019,-77.5,0.0,14.10
7_6u8k_A_S000020,-74.4,0.0,15.69
8_6u8k_A_S000001,-78.5,0.0,14.27
8_6u8k_A_S000002,-83.4,0.0,11.45
8_6u8k_A_S000003,-83.3,0.0,12.77
8_6u8k_A_S000004,-81.4,0.0,11.47
8_6u8k_A_S000005,-75.8,0.0,17.01
8_6u8k_A_S000006,-87.5,0.0,13.72
8_6u8k_A_S000007,-67.6,0.0,20.01
8_6u8k_A_S000008,-58.7,0.0,13.42
8_6u8k_A_S000009,11.9,0.0,12.47
8_6u8k_A_S000010,-45.0,0.0,12.76
8_6u8k_A_S000011,-69.4,0.0,13.70
8_6u8k_A_S000012,-57.9,0.0,13.03
8_6u8k_A_S000013,-76.0,0.0,16.96
8_6u8k_A_S000014,-51.1,0.0,20.28
8_6u8k_A_S000015,-63.5,0.0,18.34
8_6u8k_A_S000016,-73.9,0.0,18.88
8_6u8k_A_S000017,-79.2,0.0,18.11
8_6u8k_A_S000018,-96.0,0.0,11.05
8_6u8k_A_S000019,-85.6,0.0,14.29
8_6u8k_A_S000020,-64.0,0.0,9.68
9_6u8k_A_S000001,-49.7,0.0,11.31
9_6u8k_A_S000002,-49.1,0.0,18.08
9_6u8k_A_S000003,-86.2,0.0,14.00
9_6u8k_A_S000004,-4.8,0.0,10.27
9_6u8k_A_S000005,-72.9,0.0,18.86
9_6u8k_A_S000006,-77.3,0.0,9.58
9_6u8k_A_S000007,-73.3,0.0,13.00
9_6u8k_A_S000008,-78.9,0.0,14.05
9_6u8k_A_S000009,-86.9,0.0,7.32
9_6u8k_A_S000010,-42.0,0.0,18.15
9_6u8k_A_S000011,-87.5,0.0,11.01
9_6u8k_A_S000012,-67.7,0.0,13.53
9_6u8k_A_S000013,-76.7,0.0,13.26
9_6u8k_A_S000014,-66.6,0.0,14.63
9_6u8k_A_S000015,-88.7,0.0,10.67
9_6u8k_A_S000016,-85.1,0.0,5.00
9_6u8k_A_S000017,-70.8,0.0,8.45
9_6u8k_A_S000018,-13.1,0.0,14.74
9_6u8k_A_S000019,-77.5,0.0,17.42
9_6u8k_A_S000020,-75.6,0.0,12.47
