0_6vmy_A_S000001,-97.8,0.0,35.29
0_6vmy_A_S000002,-151.1,0.0,31.91
0_6vmy_A_S000003,-142.9,0.0,27.53
0_6vmy_A_S000004,-126.5,0.0,29.86
0_6vmy_A_S000005,-149.2,0.0,27.88
0_6vmy_A_S000006,-161.0,0.0,31.20
0_6vmy_A_S000007,-148.4,0.0,26.87
0_6vmy_A_S000008,-138.7,0.0,27.35
0_6vmy_A_S000009,-161.3,0.0,26.71
0_6vmy_A_S000010,-158.1,0.0,28.01
0_6vmy_A_S000011,-116.1,0.0,26.52
0_6vmy_A_S000012,-150.7,0.0,26.25
0_6vmy_A_S000013,-40.2,0.0,29.14
0_6vmy_A_S000014,-180.7,0.0,32.01
0_6vmy_A_S000015,-142.9,0.0,32.76
0_6vmy_A_S000016,-105.4,0.0,28.06
0_6vmy_A_S000017,-103.6,0.0,29.56
0_6vmy_A_S000018,-132.0,0.0,27.34
0_6vmy_A_S000019,-158.6,0.0,33.59
0_6vmy_A_S000020,-84.2,0.0,29.12
1_6vmy_A_S000001,-80.1,0.0,30.81
1_6vmy_A_S000002,-132.7,0.0,34.12
1_6vmy_A_S000003,-152.9,0.0,28.32
1_6vmy_A_S000004,-177.9,0.0,23.15
1_6vmy_A_S000005,-148.0,0.0,37.54
1_6vmy_A_S000006,-136.2,0.0,29.32
1_6vmy_A_S000007,-123.2,0.0,32.53
1_6vmy_A_S000008,-141.9,0.0,33.33
1_6vmy_A_S000009,-117.2,0.0,27.58
1_6vmy_A_S000010,-131.8,0.0,31.90
1_6vmy_A_S000011,-166.5,0.0,31.01
1_6vmy_A_S000012,-142.2,0.0,31.70
1_6vmy_A_S000013,-130.2,0.0,28.49
1_6vmy_A_S000014,-126.0,0.0,25.89
1_6vmy_A_S000015,-133.0,0.0,32.39
1_6vmy_A_S000016,-122.1,0.0,20.83
1_6vmy_A_S000017,28.8,0.0,26.03
1_6vmy_A_S000018,-130.9,0.0,33.72
1_6vmy_A_S000019,-79.5,0.0,28.59
1_6vmy_A_S000020,-145.8,0.0,34.24
2_6vmy_A_S000001,-55.2,0.0,27.84
2_6vmy_A_S000002,-74.6,0.0,26.70
2_6vmy_A_S000003,-66.8,0.0,30.54
2_6vmy_A_S000004,-68.8,0.0,28.14
2_6vmy_A_S000005,-96.7,0.0,29.72
2_6vmy_A_S000006,-118.5,0.0,28.02
2_6vmy_A_S000007,-101.3,0.0,28.24
2_6vmy_A_S000008,-178.2,0.0,29.11
2_6vmy_A_S000009,76.1,0.0,31.00
2_6vmy_A_S000010,-124.9,0.0,27.77
2_6vmy_A_S000011,-153.1,0.0,32.12
2_6vmy_A_S000012,-120.4,0.0,29.87
2_6vmy_A_S000013,-98.4,0.0,30.47
2_6vmy_A_S000014,-124.6,0.0,32.97
2_6vmy_A_S000015,-117.1,0.0,24.94
2_6vmy_A_S000016,-1.9,0.0,30.78
2_6vmy_A_S000017,-143.9,0.0,31.81
2_6vmy_A_S000018,-143.2,0.0,25.70
2_6vmy_A_S000019,93.1,0.0,31.94
2_6vmy_A_S000020,-176.4,0.0,30.58
3_6vmy_A_S000001,-118.4,0.0,35.27
3_6vmy_A_S000002,-151.6,0.0,27.91
3_6vmy_A_S000003,-167.6,0.0,23.55
3_6vmy_A_S000004,-106.3,0.0,35.30
3_6vmy_A_S000005,-130.3,0.0,33.09
3_6vmy_A_S000006,-140.2,0.0,33.08
3_6vmy_A_S000007,-84.7,0.0,31.79
3_6vmy_A_S000008,-148.6,0.0,29.06
3_6vmy_A_S000009,-87.2,0.0,35.34
3_6vmy_A_S000010,-141.3,0.0,25.27
3_6vmy_A_S000011,-92.6,0.0,31.97
3_6vmy_A_S000012,-94.9,0.0,35.36
3_6vmy_A_S000013,-147.7,0.0,26.60
3_6vmy_A_S000014,-101.0,0.0,33.32
3_6vmy_A_S000015,-156.2,0.0,26.95
3_6vmy_A_S000016,-184.6,0.0,25.56
3_6vmy_A_S000017,-102.3,0.0,27.73
3_6vmy_A_S000018,-58.5,0.0,26.50
3_6vmy_A_S000019,-160.9,0.0,30.24
3_6vmy_A_S000020,-74.7,0.0,29.48
4_6vmy_A_S000001,-160.4,0.0,29.33
4_6vmy_A_S000002,-65.4,0.0,28.58
4_6vmy_A_S000003,-146.0,0.0,35.25
4_6vmy_A_S000004,-119.6,0.0,29.94
4_6vmy_A_S000005,-139.5,0.0,32.08
4_6vmy_A_S000006,-104.3,0.0,26.78
4_6vmy_A_S000007,-154.8,0.0,30.75
4_6vmy_A_S000008,-57.5,0.0,34.56
4_6vmy_A_S000009,-86.3,0.0,27.41
4_6vmy_A_S000010,-156.2,0.0,24.90
4_6vmy_A_S000011,-103.8,0.0,27.84
4_6vmy_A_S000012,-100.0,0.0,34.41
4_6vmy_A_S000013,-42.5,0.0,36.34
4_6vmy_A_S000014,-142.7,0.0,26.61
4_6vmy_A_S000015,-156.3,0.0,31.34
4_6vmy_A_S000016,-148.6,0.0,32.48
4_6vmy_A_S000017,-146.8,0.0,35.51
4_6vmy_A_S000018,-165.4,0.0,28.62
4_6vmy_A_S000019,-126.0,0.0,24.31
4_6vmy_A_S000020,-70.1,0.0,35.50
5_6vmy_A_S000001,-23.5,0.0,34.21
5_6vmy_A_S000002,-145.0,0.0,32.96
5_6vmy_A_S000003,-156.2,0.0,21.36
5_6vmy_A_S000004,-119.0,0.0,30.09
5_6vmy_A_S000005,-149.6,0.0,31.91
5_6vmy_A_S000006,-167.9,0.0,25.65
5_6vmy_A_S000007,-117.3,0.0,26.50
5_6vmy_A_S000008,-149.7,0.0,26.91
5_6vmy_A_S000009,-138.2,0.0,29.46
5_6vmy_A_S000010,-103.5,0.0,23.89
5_6vmy_A_S000011,-139.1,0.0,28.96
5_6vmy_A_S000012,-164.5,0.0,32.12
5_6vmy_A_S000013,-120.1,0.0,32.30
5_6vmy_A_S000014,-147.1,0.0,25.90
5_6vmy_A_S000015,-139.1,0.0,20.54
5_6vmy_A_S000016,-113.1,0.0,29.87
5_6vmy_A_S000017,-118.4,0.0,28.45
5_6vmy_A_S000018,-52.4,0.0,33.62
5_6vmy_A_S000019,-108.1,0.0,23.17
5_6vmy_A_S000020,-3.6,0.0,34.60
6_6vmy_A_S000001,-159.0,0.0,31.28
6_6vmy_A_S000002,-21.0,0.0,29.39
6_6vmy_A_S000003,-168.4,0.0,30.53
6_6vmy_A_S000004,-145.8,0.0,22.60
6_6vmy_A_S000005,-95.9,0.0,26.38
6_6vmy_A_S000006,-165.2,0.0,25.70
6_6vmy_A_S000007,-130.7,0.0,32.44
6_6vmy_A_S000008,-143.2,0.0,26.12
6_6vmy_A_S000009,-152.0,0.0,24.99
6_6vmy_A_S000010,-139.1,0.0,28.33
6_6vmy_A_S000011,-111.9,0.0,32.85
6_6vmy_A_S000012,-121.2,0.0,31.72
6_6vmy_A_S000013,-138.7,0.0,29.38
6_6vmy_A_S000014,-137.8,0.0,32.70
6_6vmy_A_S000015,-93.9,0.0,29.23
6_6vmy_A_S000016,-46.6,0.0,37.53
6_6vmy_A_S000017,-133.5,0.0,30.56
6_6vmy_A_S000018,-175.7,0.0,31.20
6_6vmy_A_S000019,-169.3,0.0,23.98
6_6vmy_A_S000020,-123.8,0.0,34.62
7_6vmy_A_S000001,-127.7,0.0,31.10
7_6vmy_A_S000002,-125.6,0.0,26.27
7_6vmy_A_S000003,-63.6,0.0,31.59
7_6vmy_A_S000004,-123.3,0.0,35.74
7_6vmy_A_S000005,-126.4,0.0,30.51
7_6vmy_A_S000006,-142.4,0.0,32.16
7_6vmy_A_S000007,-51.2,0.0,25.87
7_6vmy_A_S000008,-111.8,0.0,27.99
7_6vmy_A_S000009,-150.0,0.0,29.51
7_6vmy_A_S000010,-12.0,0.0,28.89
7_6vmy_A_S000011,-106.4,0.0,31.44
7_6vmy_A_S000012,-65.2,0.0,30.48
7_6vmy_A_S000013,-86.5,0.0,27.90
7_6vmy_A_S000014,-176.2,0.0,33.10
7_6vmy_A_S000015,-105.5,0.0,26.88
7_6vmy_A_S000016,-159.5,0.0,25.48
7_6vmy_A_S000017,-139.3,0.0,23.25
7_6vmy_A_S000018,-152.1,0.0,33.43
7_6vmy_A_S000019,-146.7,0.0,28.66
7_6vmy_A_S000020,-109.4,0.0,30.02
8_6vmy_A_S000001,-131.0,0.0,28.46
8_6vmy_A_S000002,-131.1,0.0,29.84
8_6vmy_A_S000003,-145.9,0.0,26.56
8_6vmy_A_S000004,-167.9,0.0,28.02
8_6vmy_A_S000005,-110.4,0.0,33.03
8_6vmy_A_S000006,-139.3,0.0,31.98
8_6vmy_A_S000007,-136.0,0.0,29.35
8_6vmy_A_S000008,-151.6,0.0,33.26
8_6vmy_A_S000009,-153.2,0.0,29.61
8_6vmy_A_S000010,-102.5,0.0,28.55
8_6vmy_A_S000011,-136.1,0.0,26.49
8_6vmy_A_S000012,-151.1,0.0,32.00
8_6vmy_A_S000013,-84.0,0.0,31.63
8_6vmy_A_S000014,-150.8,0.0,34.87
8_6vmy_A_S000015,-156.7,0.0,29.17
8_6vmy_A_S000016,-151.6,0.0,26.91
8_6vmy_A_S000017,-163.4,0.0,26.20
8_6vmy_A_S000018,-146.0,0.0,30.00
8_6vmy_A_S000019,-99.0,0.0,31.23
8_6vmy_A_S000020,-173.9,0.0,28.99
9_6vmy_A_S000001,-156.3,0.0,30.60
9_6vmy_A_S000002,-120.3,0.0,33.49
9_6vmy_A_S000003,-152.6,0.0,27.20
9_6vmy_A_S000004,-126.6,0.0,29.34
9_6vmy_A_S000005,-105.2,0.0,28.87
9_6vmy_A_S000006,-133.6,0.0,27.37
9_6vmy_A_S000007,-126.2,0.0,29.08
9_6vmy_A_S000008,-176.6,0.0,32.84
9_6vmy_A_S000009,-55.6,0.0,32.10
9_6vmy_A_S000010,-134.0,0.0,30.00
9_6vmy_A_S000011,-114.1,0.0,31.18
9_6vmy_A_S000012,-163.5,0.0,24.69
9_6vmy_A_S000013,-70.1,0.0,26.71
9_6vmy_A_S000014,-162.1,0.0,27.33
9_6vmy_A_S000015,-150.7,0.0,32.09
9_6vmy_A_S000016,-135.0,0.0,29.21
9_6vmy_A_S000017,-53.6,0.0,35.67
9_6vmy_A_S000018,-79.6,0.0,24.01
9_6vmy_A_S000019,-165.7,0.0,26.56
9_6vmy_A_S000020,-52.3,0.0,32.97
