0_7jju_A_S000001,-42.4,0.0,12.60
0_7jju_A_S000002,-33.0,0.0,13.96
0_7jju_A_S000003,-47.1,0.0,17.17
0_7jju_A_S000004,-41.5,0.0,15.28
0_7jju_A_S000005,-33.7,0.0,13.15
0_7jju_A_S000006,-59.5,0.0,14.75
0_7jju_A_S000007,-60.0,0.0,15.23
0_7jju_A_S000008,-32.5,0.0,14.75
0_7jju_A_S000009,-58.7,0.0,14.43
0_7jju_A_S000010,-49.5,0.0,15.18
0_7jju_A_S000011,-58.5,0.0,14.37
0_7jju_A_S000012,-50.3,0.0,13.69
0_7jju_A_S000013,-62.6,0.0,14.15
0_7jju_A_S000014,-58.9,0.0,14.03
0_7jju_A_S000015,-59.9,0.0,16.41
0_7jju_A_S000016,1.2,0.0,15.83
0_7jju_A_S000017,-51.5,0.0,15.40
0_7jju_A_S000018,-34.0,0.0,16.23
0_7jju_A_S000019,-44.8,0.0,15.42
0_7jju_A_S000020,-58.8,0.0,14.00
1_7jju_A_S000001,-39.8,0.0,11.95
1_7jju_A_S000002,-37.6,0.0,14.34
1_7jju_A_S000003,-35.3,0.0,13.85
1_7jju_A_S000004,-47.6,0.0,15.61
1_7jju_A_S000005,-69.7,0.0,14.70
1_7jju_A_S000006,-47.1,0.0,15.21
1_7jju_A_S000007,-60.5,0.0,14.61
1_7jju_A_S000008,-54.6,0.0,15.46
1_7jju_A_S000009,-54.8,0.0,15.98
1_7jju_A_S000010,-58.9,0.0,14.77
1_7jju_A_S000011,-27.9,0.0,13.70
1_7jju_A_S000012,-53.6,0.0,17.37
1_7jju_A_S000013,-62.2,0.0,15.04
1_7jju_A_S000014,-48.1,0.0,14.11
1_7jju_A_S000015,-56.9,0.0,14.48
1_7jju_A_S000016,14.8,0.0,14.72
1_7jju_A_S000017,-67.3,0.0,15.95
1_7jju_A_S000018,-11.9,0.0,15.57
1_7jju_A_S000019,-54.4,0.0,15.05
1_7jju_A_S000020,-11.0,0.0,15.98
2_7jju_A_S000001,-15.1,0.0,11.65
2_7jju_A_S000002,-36.2,0.0,15.18
2_7jju_A_S000003,-39.3,0.0,14.83
2_7jju_A_S000004,-18.9,0.0,12.45
2_7jju_A_S000005,-43.9,0.0,16.48
2_7jju_A_S000006,-30.7,0.0,12.81
2_7jju_A_S000007,-55.0,0.0,14.78
2_7jju_A_S000008,-40.0,0.0,15.38
2_7jju_A_S000009,-56.0,0.0,15.33
2_7jju_A_S000010,-43.7,0.0,15.95
2_7jju_A_S000011,-58.5,0.0,14.46
2_7jju_A_S000012,-46.0,0.0,14.16
2_7jju_A_S000013,-38.1,0.0,14.27
2_7jju_A_S000014,-56.0,0.0,15.58
2_7jju_A_S000015,-36.6,0.0,12.84
2_7jju_A_S000016,-33.6,0.0,14.07
2_7jju_A_S000017,-49.0,0.0,15.15
2_7jju_A_S000018,-53.8,0.0,14.31
2_7jju_A_S000019,-53.2,0.0,14.74
2_7jju_A_S000020,-52.6,0.0,14.28
3_7jju_A_S000001,-44.7,0.0,16.64
3_7jju_A_S000002,-56.1,0.0,16.27
3_7jju_A_S000003,-34.0,0.0,14.06
3_7jju_A_S000004,-67.1,0.0,15.60
3_7jju_A_S000005,-54.4,0.0,14.76
3_7jju_A_S000006,-60.8,0.0,14.91
3_7jju_A_S000007,-63.9,0.0,15.00
3_7jju_A_S000008,-36.1,0.0,13.75
3_7jju_A_S000009,-15.7,0.0,12.89
3_7jju_A_S000010,-21.9,0.0,12.00
3_7jju_A_S000011,-43.8,0.0,14.84
3_7jju_A_S000012,-66.5,0.0,14.92
3_7jju_A_S000013,-52.9,0.0,14.27
3_7jju_A_S000014,-27.9,0.0,14.90
3_7jju_A_S000015,-60.0,0.0,15.46
3_7jju_A_S000016,-6.1,0.0,15.11
3_7jju_A_S000017,-55.0,0.0,14.56
3_7jju_A_S000018,-67.4,0.0,14.95
3_7jju_A_S000019,-35.9,0.0,14.91
3_7jju_A_S000020,-57.0,0.0,14.18
4_7jju_A_S000001,-25.1,0.0,14.22
4_7jju_A_S000002,-44.1,0.0,14.51
4_7jju_A_S000003,-17.5,0.0,13.52
4_7jju_A_S000004,-57.8,0.0,14.61
4_7jju_A_S000005,-32.6,0.0,15.59
4_7jju_A_S000006,-39.6,0.0,12.59
4_7jju_A_S000007,-34.9,0.0,14.70
4_7jju_A_S000008,-46.1,0.0,14.13
4_7jju_A_S000009,-40.2,0.0,17.00
4_7jju_A_S000010,-45.1,0.0,14.02
4_7jju_A_S000011,-63.5,0.0,15.15
4_7jju_A_S000012,-19.0,0.0,14.29
4_7jju_A_S000013,-69.3,0.0,15.99
4_7jju_A_S000014,-49.7,0.0,14.28
4_7jju_A_S000015,-58.1,0.0,16.45
4_7jju_A_S000016,-35.5,0.0,13.47
4_7jju_A_S000017,-58.2,0.0,14.92
4_7jju_A_S000018,-1.6,0.0,14.97
4_7jju_A_S000019,-63.3,0.0,14.43
4_7jju_A_S000020,-61.8,0.0,14.48
5_7jju_A_S000001,-49.6,0.0,12.31
5_7jju_A_S000002,-60.7,0.0,13.97
5_7jju_A_S000003,-45.3,0.0,14.80
5_7jju_A_S000004,-43.6,0.0,14.72
5_7jju_A_S000005,-62.9,0.0,16.18
5_7jju_A_S000006,-55.2,0.0,15.74
5_7jju_A_S000007,-46.8,0.0,15.14
5_7jju_A_S000008,-63.9,0.0,14.51
5_7jju_A_S000009,-62.5,0.0,11.98
5_7jju_A_S000010,-46.1,0.0,14.46
5_7jju_A_S000011,-37.3,0.0,14.25
5_7jju_A_S000012,-36.0,0.0,13.29
5_7jju_A_S000013,-24.0,0.0,15.32
5_7jju_A_S000014,-46.5,0.0,16.49
5_7jju_A_S000015,-49.9,0.0,14.22
5_7jju_A_S000016,-43.3,0.0,15.14
5_7jju_A_S000017,-63.3,0.0,14.93
5_7jju_A_S000018,-62.0,0.0,14.84
5_7jju_A_S000019,-53.0,0.0,15.25
5_7jju_A_S000020,-60.4,0.0,15.74
6_7jju_A_S000001,-43.2,0.0,14.64
6_7jju_A_S000002,-54.9,0.0,14.80
6_7jju_A_S000003,-20.7,0.0,14.49
6_7jju_A_S000004,-59.6,0.0,15.16
6_7jju_A_S000005,-59.6,0.0,14.51
6_7jju_A_S000006,-61.0,0.0,13.86
6_7jju_A_S000007,-29.2,0.0,14.35
6_7jju_A_S000008,-45.3,0.0,14.98
6_7jju_A_S000009,-52.3,0.0,14.06
6_7jju_A_S000010,-52.4,0.0,15.29
6_7jju_A_S000011,-58.7,0.0,15.44
6_7jju_A_S000012,-72.1,0.0,14.78
6_7jju_A_S000013,-69.8,0.0,17.00
6_7jju_A_S000014,-50.4,0.0,15.47
6_7jju_A_S000015,-71.9,0.0,16.16
6_7jju_A_S000016,-69.7,0.0,15.60
6_7jju_A_S000017,2.6,0.0,14.21
6_7jju_A_S000018,-51.2,0.0,13.62
6_7jju_A_S000019,-64.0,0.0,14.83
6_7jju_A_S000020,-32.8,0.0,14.69
7_7jju_A_S000001,-58.3,0.0,14.67
7_7jju_A_S000002,-45.8,0.0,15.10
7_7jju_A_S000003,-37.9,0.0,15.47
7_7jju_A_S000004,7.9,0.0,13.53
7_7jju_A_S000005,-63.3,0.0,13.96
7_7jju_A_S000006,-43.6,0.0,14.87
7_7jju_A_S000007,-35.5,0.0,14.02
7_7jju_A_S000008,-52.2,0.0,13.91
7_7jju_A_S000009,-36.5,0.0,14.86
7_7jju_A_S000010,-40.7,0.0,14.95
7_7jju_A_S000011,4.1,0.0,11.39
7_7jju_A_S000012,-45.8,0.0,13.84
7_7jju_A_S000013,-31.6,0.0,16.13
7_7jju_A_S000014,-56.6,0.0,14.05
7_7jju_A_S000015,-60.5,0.0,13.61
7_7jju_A_S000016,-48.7,0.0,15.83
7_7jju_A_S000017,-20.8,0.0,13.50
7_7jju_A_S000018,-73.9,0.0,15.44
7_7jju_A_S000019,-45.4,0.0,14.75
7_7jju_A_S000020,-36.8,0.0,16.34
8_7jju_A_S000001,-31.6,0.0,14.80
8_7jju_A_S000002,-15.3,0.0,13.50
8_7jju_A_S000003,-57.9,0.0,16.31
8_7jju_A_S000004,-41.8,0.0,15.02
8_7jju_A_S000005,-56.6,0.0,12.86
8_7jju_A_S000006,-68.9,0.0,15.67
8_7jju_A_S000007,-48.0,0.0,14.22
8_7jju_A_S000008,-44.7,0.0,14.53
8_7jju_A_S000009,-50.8,0.0,14.55
8_7jju_A_S000010,-57.2,0.0,14.89
8_7jju_A_S000011,-47.8,0.0,12.68
8_7jju_A_S000012,-50.3,0.0,15.42
8_7jju_A_S000013,-63.5,0.0,15.01
8_7jju_A_S000014,-50.8,0.0,16.40
8_7jju_A_S000015,-38.4,0.0,13.95
8_7jju_A_S000016,-33.5,0.0,12.98
8_7jju_A_S000017,-32.9,0.0,13.25
8_7jju_A_S000018,-60.4,0.0,14.41
8_7jju_A_S000019,-70.4,0.0,14.21
8_7jju_A_S000020,-64.6,0.0,14.56
9_7jju_A_S000001,-32.7,0.0,11.94
9_7jju_A_S000002,-20.2,0.0,14.97
9_7jju_A_S000003,-56.6,0.0,14.95
9_7jju_A_S000004,-62.3,0.0,14.50
9_7jju_A_S000005,-52.6,0.0,14.45
9_7jju_A_S000006,-24.5,0.0,16.45
9_7jju_A_S000007,-54.7,0.0,14.26
9_7jju_A_S000008,2.7,0.0,14.11
9_7jju_A_S000009,-55.9,0.0,15.18
9_7jju_A_S000010,-40.8,0.0,12.88
9_7jju_A_S000011,-57.2,0.0,14.45
9_7jju_A_S000012,-60.4,0.0,14.02
9_7jju_A_S000013,-28.6,0.0,16.48
9_7jju_A_S000014,-46.8,0.0,13.61
9_7jju_A_S000015,-51.7,0.0,14.28
9_7jju_A_S000016,-47.5,0.0,15.06
9_7jju_A_S000017,-76.2,0.0,14.31
9_7jju_A_S000018,-20.5,0.0,14.69
9_7jju_A_S000019,-55.2,0.0,15.20
9_7jju_A_S000020,-63.7,0.0,15.77
